n,design,family,method,alpha,effectX1,effectX2,effectX1X2,rateX1,rateX2,rateX1X2
20,4x3,norm,PAR,0.05,0,0.5,0,0.0472,0.8454,0.0522
20,4x3,norm,RNK,0.05,0,0.5,0,0.047,0.827,0.0532
20,4x3,norm,ART,0.05,0,0.5,0,0.0506,0.8264,0.0542
20,4x3,norm,INT,0.05,0,0.5,0,0.048,0.84,0.0534
20,4x3,norm,PAR,0.01,0,0.5,0,0.0096,0.6572,0.0096
20,4x3,norm,RNK,0.01,0,0.5,0,0.0106,0.6308,0.009
20,4x3,norm,ART,0.01,0,0.5,0,0.0096,0.634,0.0086
20,4x3,norm,INT,0.01,0,0.5,0,0.0086,0.6514,0.0098
20,4x3,norm,PAR,0.05,0.5,0.5,0,0.7222,0.846,0.0486
20,4x3,norm,RNK,0.05,0.5,0.5,0,0.7018,0.8264,0.0506
20,4x3,norm,ART,0.05,0.5,0.5,0,0.7026,0.829,0.0508
20,4x3,norm,INT,0.05,0.5,0.5,0,0.7208,0.8468,0.0492
20,4x3,norm,PAR,0.01,0.5,0.5,0,0.4926,0.6492,0.0106
20,4x3,norm,RNK,0.01,0.5,0.5,0,0.4684,0.6202,0.0112
20,4x3,norm,ART,0.01,0.5,0.5,0,0.4718,0.6196,0.0092
20,4x3,norm,INT,0.01,0.5,0.5,0,0.4936,0.6434,0.01
20,4x3,norm,PAR,0.05,1,0.5,0,0.9994,0.8476,0.054
20,4x3,norm,RNK,0.05,1,0.5,0,0.9994,0.8222,0.0534
20,4x3,norm,ART,0.05,1,0.5,0,0.9994,0.8268,0.056
20,4x3,norm,INT,0.05,1,0.5,0,0.9994,0.8456,0.054
20,4x3,norm,PAR,0.01,1,0.5,0,0.996,0.6558,0.0126
20,4x3,norm,RNK,0.01,1,0.5,0,0.995,0.6254,0.0126
20,4x3,norm,ART,0.01,1,0.5,0,0.9954,0.6334,0.0116
20,4x3,norm,INT,0.01,1,0.5,0,0.996,0.6514,0.0124
20,4x3,norm,PAR,0.05,2,0.5,0,1,0.85,0.0486
20,4x3,norm,RNK,0.05,2,0.5,0,1,0.824,0.0554
20,4x3,norm,ART,0.05,2,0.5,0,1,0.8322,0.0486
20,4x3,norm,INT,0.05,2,0.5,0,1,0.844,0.0496
20,4x3,norm,PAR,0.01,2,0.5,0,1,0.6598,0.0122
20,4x3,norm,RNK,0.01,2,0.5,0,1,0.6236,0.0108
20,4x3,norm,ART,0.01,2,0.5,0,1,0.6324,0.0124
20,4x3,norm,INT,0.01,2,0.5,0,1,0.6556,0.0118
20,4x3,norm,PAR,0.05,4,0.5,0,1,0.8472,0.049
20,4x3,norm,RNK,0.05,4,0.5,0,1,0.819,0.0644
20,4x3,norm,ART,0.05,4,0.5,0,1,0.8342,0.0488
20,4x3,norm,INT,0.05,4,0.5,0,1,0.8308,0.0534
20,4x3,norm,PAR,0.01,4,0.5,0,1,0.676,0.0094
20,4x3,norm,RNK,0.01,4,0.5,0,1,0.6218,0.0158
20,4x3,norm,ART,0.01,4,0.5,0,1,0.6454,0.0098
20,4x3,norm,INT,0.01,4,0.5,0,1,0.6498,0.0108
20,4x3,norm,PAR,0.05,8,0.5,0,1,0.8524,0.0566
20,4x3,norm,RNK,0.05,8,0.5,0,1,0.8072,0.0784
20,4x3,norm,ART,0.05,8,0.5,0,1,0.833,0.0566
20,4x3,norm,INT,0.05,8,0.5,0,1,0.8078,0.0778
20,4x3,norm,PAR,0.01,8,0.5,0,1,0.6682,0.0136
20,4x3,norm,RNK,0.01,8,0.5,0,1,0.6036,0.0218
20,4x3,norm,ART,0.01,8,0.5,0,1,0.6386,0.0146
20,4x3,norm,INT,0.01,8,0.5,0,1,0.5956,0.0216
20,4x3,norm,PAR,0.05,0,0,1.25,0.0504,0.0452,0.6596
20,4x3,norm,RNK,0.05,0,0,1.25,0.0486,0.047,0.6356
20,4x3,norm,ART,0.05,0,0,1.25,0.0518,0.0454,0.6372
20,4x3,norm,INT,0.05,0,0,1.25,0.052,0.0452,0.6598
20,4x3,norm,PAR,0.01,0,0,1.25,0.0102,0.0118,0.4268
20,4x3,norm,RNK,0.01,0,0,1.25,0.01,0.01,0.4006
20,4x3,norm,ART,0.01,0,0,1.25,0.0106,0.0096,0.402
20,4x3,norm,INT,0.01,0,0,1.25,0.0108,0.0122,0.4246
20,4x3,norm,PAR,0.05,0.5,0,1.25,0.7124,0.047,0.6638
20,4x3,norm,RNK,0.05,0.5,0,1.25,0.6822,0.049,0.6224
20,4x3,norm,ART,0.05,0.5,0,1.25,0.6926,0.0462,0.63
20,4x3,norm,INT,0.05,0.5,0,1.25,0.7124,0.048,0.6582
20,4x3,norm,PAR,0.01,0.5,0,1.25,0.4858,0.01,0.4264
20,4x3,norm,RNK,0.01,0.5,0,1.25,0.4534,0.0104,0.3908
20,4x3,norm,ART,0.01,0.5,0,1.25,0.4644,0.0102,0.401
20,4x3,norm,INT,0.01,0.5,0,1.25,0.4806,0.0104,0.4232
20,4x3,norm,PAR,0.05,1,0,1.25,0.999,0.0502,0.6664
20,4x3,norm,RNK,0.05,1,0,1.25,0.9992,0.0514,0.602
20,4x3,norm,ART,0.05,1,0,1.25,0.9994,0.053,0.6342
20,4x3,norm,INT,0.05,1,0,1.25,0.999,0.0504,0.6554
20,4x3,norm,PAR,0.01,1,0,1.25,0.9956,0.011,0.424
20,4x3,norm,RNK,0.01,1,0,1.25,0.9934,0.012,0.3668
20,4x3,norm,ART,0.01,1,0,1.25,0.994,0.0116,0.3992
20,4x3,norm,INT,0.01,1,0,1.25,0.9956,0.0108,0.4212
20,4x3,norm,PAR,0.05,2,0,1.25,1,0.0514,0.6756
20,4x3,norm,RNK,0.05,2,0,1.25,1,0.0564,0.556
20,4x3,norm,ART,0.05,2,0,1.25,1,0.053,0.6484
20,4x3,norm,INT,0.05,2,0,1.25,1,0.05,0.6556
20,4x3,norm,PAR,0.01,2,0,1.25,1,0.0094,0.431
20,4x3,norm,RNK,0.01,2,0,1.25,1,0.0122,0.3056
20,4x3,norm,ART,0.01,2,0,1.25,1,0.01,0.4096
20,4x3,norm,INT,0.01,2,0,1.25,1,0.0086,0.4068
20,4x3,norm,PAR,0.05,4,0,1.25,1,0.0532,0.6638
20,4x3,norm,RNK,0.05,4,0,1.25,1,0.075,0.4576
20,4x3,norm,ART,0.05,4,0,1.25,1,0.05,0.64
20,4x3,norm,INT,0.05,4,0,1.25,1,0.0546,0.6208
20,4x3,norm,PAR,0.01,4,0,1.25,1,0.0112,0.4278
20,4x3,norm,RNK,0.01,4,0,1.25,1,0.0162,0.2404
20,4x3,norm,ART,0.01,4,0,1.25,1,0.0104,0.4024
20,4x3,norm,INT,0.01,4,0,1.25,1,0.0116,0.382
20,4x3,norm,PAR,0.05,8,0,1.25,1,0.0518,0.661
20,4x3,norm,RNK,0.05,8,0,1.25,1,0.082,0.445
20,4x3,norm,ART,0.05,8,0,1.25,1,0.051,0.6376
20,4x3,norm,INT,0.05,8,0,1.25,1,0.051,0.645
20,4x3,norm,PAR,0.01,8,0,1.25,1,0.0096,0.425
20,4x3,norm,RNK,0.01,8,0,1.25,1,0.0198,0.2412
20,4x3,norm,ART,0.01,8,0,1.25,1,0.0102,0.4016
20,4x3,norm,INT,0.01,8,0,1.25,1,0.0114,0.4246
20,4x3,lnorm,PAR,0.05,0,0.5,0,0.0402,0.5982,0.0456
20,4x3,lnorm,RNK,0.05,0,0.5,0,0.0498,0.823,0.0568
20,4x3,lnorm,ART,0.05,0,0.5,0,0.107,0.8056,0.0854
20,4x3,lnorm,INT,0.05,0,0.5,0,0.0492,0.8412,0.0518
20,4x3,lnorm,PAR,0.01,0,0.5,0,0.0058,0.3438,0.0096
20,4x3,lnorm,RNK,0.01,0,0.5,0,0.0108,0.625,0.0106
20,4x3,lnorm,ART,0.01,0,0.5,0,0.0344,0.618,0.0246
20,4x3,lnorm,INT,0.01,0,0.5,0,0.009,0.6508,0.0106
20,4x3,lnorm,PAR,0.05,0.5,0.5,0,0.4272,0.59,0.0524
20,4x3,lnorm,RNK,0.05,0.5,0.5,0,0.681,0.8384,0.0484
20,4x3,lnorm,ART,0.05,0.5,0.5,0,0.6912,0.823,0.1296
20,4x3,lnorm,INT,0.05,0.5,0.5,0,0.7044,0.8546,0.0484
20,4x3,lnorm,PAR,0.01,0.5,0.5,0,0.2056,0.3322,0.0146
20,4x3,lnorm,RNK,0.01,0.5,0.5,0,0.4518,0.6508,0.0102
20,4x3,lnorm,ART,0.01,0.5,0.5,0,0.4806,0.6428,0.0474
20,4x3,lnorm,INT,0.01,0.5,0.5,0,0.4742,0.6742,0.011
20,4x3,lnorm,PAR,0.05,1,0.5,0,0.9476,0.5466,0.076
20,4x3,lnorm,RNK,0.05,1,0.5,0,0.9988,0.8188,0.0518
20,4x3,lnorm,ART,0.05,1,0.5,0,0.9966,0.8338,0.258
20,4x3,lnorm,INT,0.05,1,0.5,0,0.999,0.8382,0.0498
20,4x3,lnorm,PAR,0.01,1,0.5,0,0.8396,0.3012,0.0224
20,4x3,lnorm,RNK,0.01,1,0.5,0,0.9956,0.6226,0.0086
20,4x3,lnorm,ART,0.01,1,0.5,0,0.9896,0.6814,0.1276
20,4x3,lnorm,INT,0.01,1,0.5,0,0.9968,0.6514,0.0092
20,4x3,lnorm,PAR,0.05,2,0.5,0,0.9992,0.4334,0.1424
20,4x3,lnorm,RNK,0.05,2,0.5,0,1,0.8186,0.0532
20,4x3,lnorm,ART,0.05,2,0.5,0,1,0.9016,0.5678
20,4x3,lnorm,INT,0.05,2,0.5,0,1,0.844,0.051
20,4x3,lnorm,PAR,0.01,2,0.5,0,0.9942,0.2032,0.0612
20,4x3,lnorm,RNK,0.01,2,0.5,0,1,0.6188,0.0098
20,4x3,lnorm,ART,0.01,2,0.5,0,1,0.8088,0.4004
20,4x3,lnorm,INT,0.01,2,0.5,0,1,0.6532,0.0094
20,4x3,lnorm,PAR,0.05,4,0.5,0,1,0.2958,0.2152
20,4x3,lnorm,RNK,0.05,4,0.5,0,1,0.8166,0.0686
20,4x3,lnorm,ART,0.05,4,0.5,0,1,0.9682,0.8846
20,4x3,lnorm,INT,0.05,4,0.5,0,1,0.8346,0.0488
20,4x3,lnorm,PAR,0.01,4,0.5,0,0.9984,0.1148,0.1048
20,4x3,lnorm,RNK,0.01,4,0.5,0,1,0.6152,0.0168
20,4x3,lnorm,ART,0.01,4,0.5,0,1,0.9366,0.8012
20,4x3,lnorm,INT,0.01,4,0.5,0,1,0.6368,0.0108
20,4x3,lnorm,PAR,0.05,8,0.5,0,1,0.2334,0.2672
20,4x3,lnorm,RNK,0.05,8,0.5,0,1,0.795,0.0748
20,4x3,lnorm,ART,0.05,8,0.5,0,1,0.9938,0.9708
20,4x3,lnorm,INT,0.05,8,0.5,0,1,0.7876,0.075
20,4x3,lnorm,PAR,0.01,8,0.5,0,0.999,0.0824,0.1482
20,4x3,lnorm,RNK,0.01,8,0.5,0,1,0.5926,0.0188
20,4x3,lnorm,ART,0.01,8,0.5,0,1,0.9842,0.9382
20,4x3,lnorm,INT,0.01,8,0.5,0,1,0.5708,0.02
20,4x3,lnorm,PAR,0.05,0,0,1.25,0.047,0.0462,0.3744
20,4x3,lnorm,RNK,0.05,0,0,1.25,0.048,0.05,0.6212
20,4x3,lnorm,ART,0.05,0,0,1.25,0.1192,0.1242,0.6032
20,4x3,lnorm,INT,0.05,0,0,1.25,0.0492,0.0532,0.6498
20,4x3,lnorm,PAR,0.01,0,0,1.25,0.009,0.0058,0.1696
20,4x3,lnorm,RNK,0.01,0,0,1.25,0.0098,0.01,0.3774
20,4x3,lnorm,ART,0.01,0,0,1.25,0.0386,0.045,0.382
20,4x3,lnorm,INT,0.01,0,0,1.25,0.0114,0.0102,0.4036
20,4x3,lnorm,PAR,0.05,0.5,0,1.25,0.4484,0.0538,0.374
20,4x3,lnorm,RNK,0.05,0.5,0,1.25,0.6792,0.0466,0.6214
20,4x3,lnorm,ART,0.05,0.5,0,1.25,0.6824,0.2094,0.6268
20,4x3,lnorm,INT,0.05,0.5,0,1.25,0.7078,0.049,0.6504
20,4x3,lnorm,PAR,0.01,0.5,0,1.25,0.2222,0.01,0.1824
20,4x3,lnorm,RNK,0.01,0.5,0,1.25,0.4584,0.0086,0.3896
20,4x3,lnorm,ART,0.01,0.5,0,1.25,0.4798,0.0958,0.4148
20,4x3,lnorm,INT,0.01,0.5,0,1.25,0.487,0.0096,0.418
20,4x3,lnorm,PAR,0.05,1,0,1.25,0.9516,0.0936,0.3862
20,4x3,lnorm,RNK,0.05,1,0,1.25,0.999,0.0516,0.6008
20,4x3,lnorm,ART,0.05,1,0,1.25,0.9964,0.4154,0.652
20,4x3,lnorm,INT,0.05,1,0,1.25,0.9992,0.0462,0.6522
20,4x3,lnorm,PAR,0.01,1,0,1.25,0.8518,0.0236,0.1932
20,4x3,lnorm,RNK,0.01,1,0,1.25,0.9954,0.0086,0.3776
20,4x3,lnorm,ART,0.01,1,0,1.25,0.987,0.2628,0.4732
20,4x3,lnorm,INT,0.01,1,0,1.25,0.9964,0.0082,0.4238
20,4x3,lnorm,PAR,0.05,2,0,1.25,0.999,0.1916,0.3674
20,4x3,lnorm,RNK,0.05,2,0,1.25,1,0.0512,0.5444
20,4x3,lnorm,ART,0.05,2,0,1.25,1,0.7582,0.7638
20,4x3,lnorm,INT,0.05,2,0,1.25,1,0.0476,0.6492
20,4x3,lnorm,PAR,0.01,2,0,1.25,0.9954,0.0648,0.2114
20,4x3,lnorm,RNK,0.01,2,0,1.25,1,0.0116,0.2946
20,4x3,lnorm,ART,0.01,2,0,1.25,1,0.6348,0.6366
20,4x3,lnorm,INT,0.01,2,0,1.25,1,0.0102,0.399
20,4x3,lnorm,PAR,0.05,4,0,1.25,0.9996,0.2804,0.3814
20,4x3,lnorm,RNK,0.05,4,0,1.25,1,0.0772,0.4438
20,4x3,lnorm,ART,0.05,4,0,1.25,1,0.9428,0.8952
20,4x3,lnorm,INT,0.05,4,0,1.25,1,0.0566,0.6136
20,4x3,lnorm,PAR,0.01,4,0,1.25,0.9986,0.1072,0.2276
20,4x3,lnorm,RNK,0.01,4,0,1.25,1,0.0198,0.2292
20,4x3,lnorm,ART,0.01,4,0,1.25,1,0.8994,0.8376
20,4x3,lnorm,INT,0.01,4,0,1.25,1,0.0108,0.3848
20,4x3,lnorm,PAR,0.05,8,0,1.25,1,0.3036,0.3934
20,4x3,lnorm,RNK,0.05,8,0,1.25,1,0.0908,0.4556
20,4x3,lnorm,ART,0.05,8,0,1.25,1,0.9802,0.963
20,4x3,lnorm,INT,0.05,8,0,1.25,1,0.0554,0.654
20,4x3,lnorm,PAR,0.01,8,0,1.25,0.9996,0.1194,0.2488
20,4x3,lnorm,RNK,0.01,8,0,1.25,1,0.0214,0.2484
20,4x3,lnorm,ART,0.01,8,0,1.25,1,0.9668,0.9312
20,4x3,lnorm,INT,0.01,8,0,1.25,1,0.0112,0.4314
20,4x3,exp,PAR,0.05,0,0.5,0,0.048,0.7996,0.0476
20,4x3,exp,RNK,0.05,0,0.5,0,0.046,0.7228,0.0464
20,4x3,exp,ART,0.05,0,0.5,0,0.0792,0.747,0.0664
20,4x3,exp,INT,0.05,0,0.5,0,0.0496,0.7416,0.0452
20,4x3,exp,PAR,0.01,0,0.5,0,0.0088,0.5722,0.0122
20,4x3,exp,RNK,0.01,0,0.5,0,0.0088,0.4904,0.0082
20,4x3,exp,ART,0.01,0,0.5,0,0.0214,0.519,0.0158
20,4x3,exp,INT,0.01,0,0.5,0,0.0092,0.5162,0.0086
20,4x3,exp,PAR,0.05,0.5,0.5,0,0.6222,0.774,0.0588
20,4x3,exp,RNK,0.05,0.5,0.5,0,0.5736,0.7002,0.0464
20,4x3,exp,ART,0.05,0.5,0.5,0,0.63,0.7502,0.1042
20,4x3,exp,INT,0.05,0.5,0.5,0,0.5856,0.7248,0.047
20,4x3,exp,PAR,0.01,0.5,0.5,0,0.3724,0.5394,0.0164
20,4x3,exp,RNK,0.01,0.5,0.5,0,0.3298,0.4676,0.0126
20,4x3,exp,ART,0.01,0.5,0.5,0,0.4024,0.5416,0.0318
20,4x3,exp,INT,0.01,0.5,0.5,0,0.349,0.4928,0.0102
20,4x3,exp,PAR,0.05,1,0.5,0,0.9968,0.7326,0.1074
20,4x3,exp,RNK,0.05,1,0.5,0,0.9932,0.6876,0.0546
20,4x3,exp,ART,0.05,1,0.5,0,0.9944,0.7924,0.2198
20,4x3,exp,INT,0.05,1,0.5,0,0.9944,0.7108,0.0582
20,4x3,exp,PAR,0.01,1,0.5,0,0.9808,0.4768,0.0358
20,4x3,exp,RNK,0.01,1,0.5,0,0.9734,0.4618,0.0118
20,4x3,exp,ART,0.01,1,0.5,0,0.9776,0.6222,0.0964
20,4x3,exp,INT,0.01,1,0.5,0,0.9792,0.4864,0.012
20,4x3,exp,PAR,0.05,2,0.5,0,1,0.6148,0.219
20,4x3,exp,RNK,0.05,2,0.5,0,1,0.6878,0.0584
20,4x3,exp,ART,0.05,2,0.5,0,1,0.8966,0.546
20,4x3,exp,INT,0.05,2,0.5,0,1,0.7056,0.0568
20,4x3,exp,PAR,0.01,2,0.5,0,1,0.3572,0.1012
20,4x3,exp,RNK,0.01,2,0.5,0,1,0.4532,0.014
20,4x3,exp,ART,0.01,2,0.5,0,1,0.797,0.3654
20,4x3,exp,INT,0.01,2,0.5,0,1,0.4708,0.0132
20,4x3,exp,PAR,0.05,4,0.5,0,1,0.4054,0.2926
20,4x3,exp,RNK,0.05,4,0.5,0,1,0.6382,0.0644
20,4x3,exp,ART,0.05,4,0.5,0,1,0.9656,0.89
20,4x3,exp,INT,0.05,4,0.5,0,1,0.6594,0.0562
20,4x3,exp,PAR,0.01,4,0.5,0,1,0.1926,0.1572
20,4x3,exp,RNK,0.01,4,0.5,0,1,0.407,0.0126
20,4x3,exp,ART,0.01,4,0.5,0,1,0.9334,0.7948
20,4x3,exp,INT,0.01,4,0.5,0,1,0.4296,0.011
20,4x3,exp,PAR,0.05,8,0.5,0,1,0.3082,0.3314
20,4x3,exp,RNK,0.05,8,0.5,0,1,0.6378,0.078
20,4x3,exp,ART,0.05,8,0.5,0,1,0.9914,0.9764
20,4x3,exp,INT,0.05,8,0.5,0,1,0.6474,0.0698
20,4x3,exp,PAR,0.01,8,0.5,0,1,0.1282,0.1978
20,4x3,exp,RNK,0.01,8,0.5,0,1,0.3952,0.018
20,4x3,exp,ART,0.01,8,0.5,0,1,0.9842,0.9512
20,4x3,exp,INT,0.01,8,0.5,0,1,0.4032,0.0182
20,4x3,exp,PAR,0.05,0,0,1.25,0.0472,0.051,0.584
20,4x3,exp,RNK,0.05,0,0,1.25,0.0442,0.048,0.5104
20,4x3,exp,ART,0.05,0,0,1.25,0.0882,0.081,0.5388
20,4x3,exp,INT,0.05,0,0,1.25,0.0448,0.0472,0.5344
20,4x3,exp,PAR,0.01,0,0,1.25,0.0072,0.0092,0.3364
20,4x3,exp,RNK,0.01,0,0,1.25,0.0106,0.0088,0.2706
20,4x3,exp,ART,0.01,0,0,1.25,0.021,0.022,0.3096
20,4x3,exp,INT,0.01,0,0,1.25,0.0102,0.0088,0.2934
20,4x3,exp,PAR,0.05,0.5,0,1.25,0.6478,0.074,0.5678
20,4x3,exp,RNK,0.05,0.5,0,1.25,0.5706,0.055,0.5028
20,4x3,exp,ART,0.05,0.5,0,1.25,0.6338,0.17,0.5598
20,4x3,exp,INT,0.05,0.5,0,1.25,0.597,0.0544,0.5272
20,4x3,exp,PAR,0.01,0.5,0,1.25,0.3982,0.018,0.3396
20,4x3,exp,RNK,0.01,0.5,0,1.25,0.3312,0.0126,0.2774
20,4x3,exp,ART,0.01,0.5,0,1.25,0.4206,0.0656,0.3518
20,4x3,exp,INT,0.01,0.5,0,1.25,0.3584,0.011,0.2976
20,4x3,exp,PAR,0.05,1,0,1.25,0.9962,0.1294,0.5162
20,4x3,exp,RNK,0.05,1,0,1.25,0.9912,0.0462,0.4636
20,4x3,exp,ART,0.05,1,0,1.25,0.9926,0.3518,0.5936
20,4x3,exp,INT,0.05,1,0,1.25,0.9932,0.0494,0.5016
20,4x3,exp,PAR,0.01,1,0,1.25,0.9724,0.0394,0.3126
20,4x3,exp,RNK,0.01,1,0,1.25,0.963,0.0078,0.2468
20,4x3,exp,ART,0.01,1,0,1.25,0.97,0.1938,0.4136
20,4x3,exp,INT,0.01,1,0,1.25,0.9698,0.0086,0.2758
20,4x3,exp,PAR,0.05,2,0,1.25,1,0.2842,0.491
20,4x3,exp,RNK,0.05,2,0,1.25,1,0.0512,0.401
20,4x3,exp,ART,0.05,2,0,1.25,1,0.7346,0.7558
20,4x3,exp,INT,0.05,2,0,1.25,1,0.0522,0.4732
20,4x3,exp,PAR,0.01,2,0,1.25,1,0.1034,0.316
20,4x3,exp,RNK,0.01,2,0,1.25,1,0.0096,0.1854
20,4x3,exp,ART,0.01,2,0,1.25,1,0.5958,0.6212
20,4x3,exp,INT,0.01,2,0,1.25,1,0.0102,0.2404
20,4x3,exp,PAR,0.05,4,0,1.25,1,0.3816,0.4552
20,4x3,exp,RNK,0.05,4,0,1.25,1,0.0606,0.331
20,4x3,exp,ART,0.05,4,0,1.25,1,0.9382,0.8912
20,4x3,exp,INT,0.05,4,0,1.25,1,0.053,0.456
20,4x3,exp,PAR,0.01,4,0,1.25,1,0.1634,0.2996
20,4x3,exp,RNK,0.01,4,0,1.25,1,0.012,0.146
20,4x3,exp,ART,0.01,4,0,1.25,1,0.889,0.8194
20,4x3,exp,INT,0.01,4,0,1.25,1,0.0104,0.2294
20,4x3,exp,PAR,0.05,8,0,1.25,1,0.4008,0.4944
20,4x3,exp,RNK,0.05,8,0,1.25,1,0.0692,0.3226
20,4x3,exp,ART,0.05,8,0,1.25,1,0.983,0.961
20,4x3,exp,INT,0.05,8,0,1.25,1,0.057,0.4928
20,4x3,exp,PAR,0.01,8,0,1.25,1,0.1886,0.3404
20,4x3,exp,RNK,0.01,8,0,1.25,1,0.018,0.142
20,4x3,exp,ART,0.01,8,0,1.25,1,0.9694,0.9302
20,4x3,exp,INT,0.01,8,0,1.25,1,0.0118,0.2672
20,4x3,binom,PAR,0.05,0,0.5,0,0.0486,0.7882,0.0504
20,4x3,binom,RNK,0.05,0,0.5,0,0.0484,0.7556,0.0498
20,4x3,binom,ART,0.05,0,0.5,0,0.102,0.748,0.078
20,4x3,binom,INT,0.05,0,0.5,0,0.0492,0.7828,0.053
20,4x3,binom,PAR,0.01,0,0.5,0,0.0086,0.5784,0.0096
20,4x3,binom,RNK,0.01,0,0.5,0,0.0096,0.5364,0.008
20,4x3,binom,ART,0.01,0,0.5,0,0.0302,0.5422,0.0196
20,4x3,binom,INT,0.01,0,0.5,0,0.009,0.566,0.009
20,4x3,binom,PAR,0.05,0.5,0.5,0,0.6496,0.8008,0.0594
20,4x3,binom,RNK,0.05,0.5,0.5,0,0.6092,0.7672,0.054
20,4x3,binom,ART,0.05,0.5,0.5,0,0.6558,0.7764,0.1052
20,4x3,binom,INT,0.05,0.5,0.5,0,0.6406,0.7962,0.057
20,4x3,binom,PAR,0.01,0.5,0.5,0,0.412,0.5908,0.017
20,4x3,binom,RNK,0.01,0.5,0.5,0,0.3712,0.5426,0.0136
20,4x3,binom,ART,0.01,0.5,0.5,0,0.4326,0.578,0.0328
20,4x3,binom,INT,0.01,0.5,0.5,0,0.4056,0.5816,0.0144
20,4x3,binom,PAR,0.05,1,0.5,0,0.9968,0.7842,0.0888
20,4x3,binom,RNK,0.05,1,0.5,0,0.9946,0.735,0.0582
20,4x3,binom,ART,0.05,1,0.5,0,0.994,0.7884,0.152
20,4x3,binom,INT,0.05,1,0.5,0,0.9968,0.7758,0.0706
20,4x3,binom,PAR,0.01,1,0.5,0,0.9854,0.566,0.0244
20,4x3,binom,RNK,0.01,1,0.5,0,0.9778,0.5122,0.0106
20,4x3,binom,ART,0.01,1,0.5,0,0.9766,0.5972,0.053
20,4x3,binom,INT,0.01,1,0.5,0,0.9844,0.5556,0.0156
20,4x3,binom,PAR,0.05,2,0.5,0,1,0.7666,0.1968
20,4x3,binom,RNK,0.05,2,0.5,0,1,0.6936,0.0806
20,4x3,binom,ART,0.05,2,0.5,0,1,0.8526,0.3882
20,4x3,binom,INT,0.05,2,0.5,0,1,0.7502,0.1218
20,4x3,binom,PAR,0.01,2,0.5,0,1,0.5458,0.0742
20,4x3,binom,RNK,0.01,2,0.5,0,1,0.4642,0.018
20,4x3,binom,ART,0.01,2,0.5,0,1,0.7116,0.1988
20,4x3,binom,INT,0.01,2,0.5,0,1,0.5314,0.0324
20,4x3,binom,PAR,0.05,4,0.5,0,1,0.6948,0.4208
20,4x3,binom,RNK,0.05,4,0.5,0,1,0.5478,0.1436
20,4x3,binom,ART,0.05,4,0.5,0,1,0.9494,0.8174
20,4x3,binom,INT,0.05,4,0.5,0,1,0.6482,0.2494
20,4x3,binom,PAR,0.01,4,0.5,0,1,0.4536,0.2462
20,4x3,binom,RNK,0.01,4,0.5,0,1,0.3248,0.047
20,4x3,binom,ART,0.01,4,0.5,0,1,0.8876,0.672
20,4x3,binom,INT,0.01,4,0.5,0,1,0.4132,0.0916
20,4x3,binom,PAR,0.05,8,0.5,0,1,0.6216,0.549
20,4x3,binom,RNK,0.05,8,0.5,0,1,0.4404,0.274
20,4x3,binom,ART,0.05,8,0.5,0,1,0.9832,0.9526
20,4x3,binom,INT,0.05,8,0.5,0,1,0.5698,0.4282
20,4x3,binom,PAR,0.01,8,0.5,0,1,0.379,0.3872
20,4x3,binom,RNK,0.01,8,0.5,0,1,0.2274,0.1396
20,4x3,binom,ART,0.01,8,0.5,0,1,0.9658,0.9078
20,4x3,binom,INT,0.01,8,0.5,0,1,0.3414,0.2596
20,4x3,binom,PAR,0.05,0,0,1.25,0.053,0.0528,0.6024
20,4x3,binom,RNK,0.05,0,0,1.25,0.0524,0.0494,0.5632
20,4x3,binom,ART,0.05,0,0,1.25,0.1154,0.1074,0.595
20,4x3,binom,INT,0.05,0,0,1.25,0.0538,0.0498,0.5924
20,4x3,binom,PAR,0.01,0,0,1.25,0.007,0.0094,0.3606
20,4x3,binom,RNK,0.01,0,0,1.25,0.0098,0.0106,0.321
20,4x3,binom,ART,0.01,0,0,1.25,0.0358,0.033,0.3668
20,4x3,binom,INT,0.01,0,0,1.25,0.0094,0.0094,0.3524
20,4x3,binom,PAR,0.05,0.5,0,1.25,0.6506,0.0684,0.5918
20,4x3,binom,RNK,0.05,0.5,0,1.25,0.6026,0.0546,0.5424
20,4x3,binom,ART,0.05,0.5,0,1.25,0.6472,0.151,0.5898
20,4x3,binom,INT,0.05,0.5,0,1.25,0.6406,0.0632,0.5812
20,4x3,binom,PAR,0.01,0.5,0,1.25,0.421,0.0168,0.3674
20,4x3,binom,RNK,0.01,0.5,0,1.25,0.3668,0.011,0.316
20,4x3,binom,ART,0.01,0.5,0,1.25,0.4406,0.0476,0.388
20,4x3,binom,INT,0.01,0.5,0,1.25,0.4092,0.0136,0.3576
20,4x3,binom,PAR,0.05,1,0,1.25,0.996,0.127,0.6008
20,4x3,binom,RNK,0.05,1,0,1.25,0.9938,0.0714,0.5286
20,4x3,binom,ART,0.05,1,0,1.25,0.9906,0.2172,0.621
20,4x3,binom,INT,0.05,1,0,1.25,0.996,0.0954,0.5824
20,4x3,binom,PAR,0.01,1,0,1.25,0.9808,0.0356,0.386
20,4x3,binom,RNK,0.01,1,0,1.25,0.9724,0.0174,0.29
20,4x3,binom,ART,0.01,1,0,1.25,0.9684,0.0878,0.4146
20,4x3,binom,INT,0.01,1,0,1.25,0.9804,0.023,0.3582
20,4x3,binom,PAR,0.05,2,0,1.25,1,0.2942,0.6118
20,4x3,binom,RNK,0.05,2,0,1.25,1,0.115,0.443
20,4x3,binom,ART,0.05,2,0,1.25,1,0.5448,0.7162
20,4x3,binom,INT,0.05,2,0,1.25,1,0.1824,0.5606
20,4x3,binom,PAR,0.01,2,0,1.25,1,0.1334,0.4264
20,4x3,binom,RNK,0.01,2,0,1.25,1,0.0326,0.2276
20,4x3,binom,ART,0.01,2,0,1.25,1,0.3562,0.5412
20,4x3,binom,INT,0.01,2,0,1.25,1,0.0664,0.3476
20,4x3,binom,PAR,0.05,4,0,1.25,1,0.5826,0.6578
20,4x3,binom,RNK,0.05,4,0,1.25,1,0.2334,0.3206
20,4x3,binom,ART,0.05,4,0,1.25,1,0.879,0.8506
20,4x3,binom,INT,0.05,4,0,1.25,1,0.3876,0.5548
20,4x3,binom,PAR,0.01,4,0,1.25,1,0.3666,0.5118
20,4x3,binom,RNK,0.01,4,0,1.25,1,0.0966,0.148
20,4x3,binom,ART,0.01,4,0,1.25,1,0.7988,0.7576
20,4x3,binom,INT,0.01,4,0,1.25,1,0.1882,0.359
20,4x3,binom,PAR,0.05,8,0,1.25,1,0.714,0.7184
20,4x3,binom,RNK,0.05,8,0,1.25,1,0.3956,0.4006
20,4x3,binom,ART,0.05,8,0,1.25,1,0.965,0.937
20,4x3,binom,INT,0.05,8,0,1.25,1,0.5866,0.6186
20,4x3,binom,PAR,0.01,8,0,1.25,1,0.505,0.5924
20,4x3,binom,RNK,0.01,8,0,1.25,1,0.2078,0.2408
20,4x3,binom,ART,0.01,8,0,1.25,1,0.9378,0.8984
20,4x3,binom,INT,0.01,8,0,1.25,1,0.3754,0.4626
20,4x3,poisson,PAR,0.05,0,0.5,0,0.0462,0.9986,0.0474
20,4x3,poisson,RNK,0.05,0,0.5,0,0.0518,0.9974,0.0534
20,4x3,poisson,ART,0.05,0,0.5,0,0.062,0.997,0.0584
20,4x3,poisson,INT,0.05,0,0.5,0,0.0476,0.9978,0.0508
20,4x3,poisson,PAR,0.01,0,0.5,0,0.0102,0.9942,0.0104
20,4x3,poisson,RNK,0.01,0,0.5,0,0.0092,0.9888,0.0118
20,4x3,poisson,ART,0.01,0,0.5,0,0.0136,0.987,0.013
20,4x3,poisson,INT,0.01,0,0.5,0,0.0096,0.992,0.0118
20,4x3,poisson,PAR,0.05,0.5,0.5,0,0.9912,0.9986,0.0956
20,4x3,poisson,RNK,0.05,0.5,0.5,0,0.9848,0.9976,0.058
20,4x3,poisson,ART,0.05,0.5,0.5,0,0.9842,0.9976,0.1198
20,4x3,poisson,INT,0.05,0.5,0.5,0,0.9888,0.9984,0.0642
20,4x3,poisson,PAR,0.01,0.5,0.5,0,0.966,0.9942,0.0284
20,4x3,poisson,RNK,0.01,0.5,0.5,0,0.9436,0.9884,0.0128
20,4x3,poisson,ART,0.01,0.5,0.5,0,0.9516,0.9884,0.0382
20,4x3,poisson,INT,0.01,0.5,0.5,0,0.9612,0.9918,0.0166
20,4x3,poisson,PAR,0.05,1,0.5,0,1,0.9984,0.2696
20,4x3,poisson,RNK,0.05,1,0.5,0,1,0.997,0.0742
20,4x3,poisson,ART,0.05,1,0.5,0,1,0.9988,0.3284
20,4x3,poisson,INT,0.05,1,0.5,0,1,0.9982,0.1028
20,4x3,poisson,PAR,0.01,1,0.5,0,1,0.9934,0.1206
20,4x3,poisson,RNK,0.01,1,0.5,0,1,0.9858,0.0168
20,4x3,poisson,ART,0.01,1,0.5,0,1,0.9942,0.1524
20,4x3,poisson,INT,0.01,1,0.5,0,1,0.991,0.0246
20,4x3,poisson,PAR,0.05,2,0.5,0,1,0.9986,0.6922
20,4x3,poisson,RNK,0.05,2,0.5,0,1,0.9868,0.1436
20,4x3,poisson,ART,0.05,2,0.5,0,1,0.9996,0.8328
20,4x3,poisson,INT,0.05,2,0.5,0,1,0.996,0.2226
20,4x3,poisson,PAR,0.01,2,0.5,0,1,0.9868,0.4984
20,4x3,poisson,RNK,0.01,2,0.5,0,1,0.9474,0.0454
20,4x3,poisson,ART,0.01,2,0.5,0,1,0.996,0.6618
20,4x3,poisson,INT,0.01,2,0.5,0,1,0.9772,0.0826
20,4x3,poisson,PAR,0.05,4,0.5,0,1,0.9864,0.9106
20,4x3,poisson,RNK,0.05,4,0.5,0,1,0.866,0.2886
20,4x3,poisson,ART,0.05,4,0.5,0,1,0.9998,0.994
20,4x3,poisson,INT,0.05,4,0.5,0,1,0.9594,0.569
20,4x3,poisson,PAR,0.01,4,0.5,0,1,0.9482,0.8022
20,4x3,poisson,RNK,0.01,4,0.5,0,1,0.74,0.1312
20,4x3,poisson,ART,0.01,4,0.5,0,1,0.9992,0.9732
20,4x3,poisson,INT,0.01,4,0.5,0,1,0.8886,0.3334
20,4x3,poisson,PAR,0.05,8,0.5,0,1,0.9764,0.9666
20,4x3,poisson,RNK,0.05,8,0.5,0,1,0.7394,0.5178
20,4x3,poisson,ART,0.05,8,0.5,0,1,1,0.9996
20,4x3,poisson,INT,0.05,8,0.5,0,1,0.9378,0.8676
20,4x3,poisson,PAR,0.01,8,0.5,0,1,0.9022,0.9118
20,4x3,poisson,RNK,0.01,8,0.5,0,1,0.57,0.3456
20,4x3,poisson,ART,0.01,8,0.5,0,1,1,0.9976
20,4x3,poisson,INT,0.01,8,0.5,0,1,0.8182,0.7106
20,4x3,poisson,PAR,0.05,0,0,1.25,0.0612,0.062,0.991
20,4x3,poisson,RNK,0.05,0,0,1.25,0.0464,0.0494,0.9834
20,4x3,poisson,ART,0.05,0,0,1.25,0.0772,0.0784,0.9838
20,4x3,poisson,INT,0.05,0,0,1.25,0.0488,0.0508,0.9902
20,4x3,poisson,PAR,0.01,0,0,1.25,0.013,0.0146,0.966
20,4x3,poisson,RNK,0.01,0,0,1.25,0.01,0.011,0.94
20,4x3,poisson,ART,0.01,0,0,1.25,0.02,0.0208,0.9412
20,4x3,poisson,INT,0.01,0,0,1.25,0.0114,0.012,0.9586
20,4x3,poisson,PAR,0.05,0.5,0,1.25,0.9892,0.153,0.9854
20,4x3,poisson,RNK,0.05,0.5,0,1.25,0.9848,0.061,0.9794
20,4x3,poisson,ART,0.05,0.5,0,1.25,0.9842,0.1878,0.9806
20,4x3,poisson,INT,0.05,0.5,0,1.25,0.9886,0.0778,0.9862
20,4x3,poisson,PAR,0.01,0.5,0,1.25,0.9622,0.0538,0.9544
20,4x3,poisson,RNK,0.01,0.5,0,1.25,0.9406,0.0116,0.9272
20,4x3,poisson,ART,0.01,0.5,0,1.25,0.9478,0.0708,0.9396
20,4x3,poisson,INT,0.01,0.5,0,1.25,0.9582,0.0174,0.95
20,4x3,poisson,PAR,0.05,1,0,1.25,1,0.4312,0.9732
20,4x3,poisson,RNK,0.05,1,0,1.25,1,0.0872,0.9498
20,4x3,poisson,ART,0.05,1,0,1.25,1,0.5042,0.9734
20,4x3,poisson,INT,0.05,1,0,1.25,1,0.1384,0.972
20,4x3,poisson,PAR,0.01,1,0,1.25,1,0.2262,0.9196
20,4x3,poisson,RNK,0.01,1,0,1.25,1,0.0236,0.8588
20,4x3,poisson,ART,0.01,1,0,1.25,1,0.3064,0.9196
20,4x3,poisson,INT,0.01,1,0,1.25,1,0.0444,0.9142
20,4x3,poisson,PAR,0.05,2,0,1.25,1,0.8488,0.9478
20,4x3,poisson,RNK,0.05,2,0,1.25,1,0.1882,0.842
20,4x3,poisson,ART,0.05,2,0,1.25,1,0.9154,0.9728
20,4x3,poisson,INT,0.05,2,0,1.25,1,0.3332,0.944
20,4x3,poisson,PAR,0.01,2,0,1.25,1,0.681,0.897
20,4x3,poisson,RNK,0.01,2,0,1.25,1,0.0738,0.656
20,4x3,poisson,ART,0.01,2,0,1.25,1,0.821,0.9292
20,4x3,poisson,INT,0.01,2,0,1.25,1,0.1618,0.863
20,4x3,poisson,PAR,0.05,4,0,1.25,1,0.9664,0.9408
20,4x3,poisson,RNK,0.05,4,0,1.25,1,0.3824,0.5662
20,4x3,poisson,ART,0.05,4,0,1.25,1,0.991,0.9854
20,4x3,poisson,INT,0.05,4,0,1.25,1,0.6698,0.904
20,4x3,poisson,PAR,0.01,4,0,1.25,1,0.9002,0.8922
20,4x3,poisson,RNK,0.01,4,0,1.25,1,0.2386,0.357
20,4x3,poisson,ART,0.01,4,0,1.25,1,0.9766,0.9582
20,4x3,poisson,INT,0.01,4,0,1.25,1,0.4802,0.7928
20,4x3,poisson,PAR,0.05,8,0,1.25,1,0.9796,0.9588
20,4x3,poisson,RNK,0.05,8,0,1.25,1,0.6294,0.6302
20,4x3,poisson,ART,0.05,8,0,1.25,1,0.999,0.9954
20,4x3,poisson,INT,0.05,8,0,1.25,1,0.8964,0.9126
20,4x3,poisson,PAR,0.01,8,0,1.25,1,0.9352,0.9214
20,4x3,poisson,RNK,0.01,8,0,1.25,1,0.4682,0.4672
20,4x3,poisson,ART,0.01,8,0,1.25,1,0.9952,0.9856
20,4x3,poisson,INT,0.01,8,0,1.25,1,0.7704,0.8334
20,4x3,likert,PAR,0.05,0,0.5,0,0.0528,0.7228,0.0492
20,4x3,likert,RNK,0.05,0,0.5,0,0.0522,0.7312,0.0524
20,4x3,likert,ART,0.05,0,0.5,0,0.1486,0.7148,0.12
20,4x3,likert,INT,0.05,0,0.5,0,0.0528,0.74,0.0518
20,4x3,likert,PAR,0.01,0,0.5,0,0.0104,0.493,0.0118
20,4x3,likert,RNK,0.01,0,0.5,0,0.0102,0.5056,0.0096
20,4x3,likert,ART,0.01,0,0.5,0,0.0652,0.5182,0.0436
20,4x3,likert,INT,0.01,0,0.5,0,0.011,0.5146,0.0112
20,4x3,likert,PAR,0.05,0.5,0.5,0,0.5754,0.7208,0.0504
20,4x3,likert,RNK,0.05,0.5,0.5,0,0.5876,0.7318,0.0512
20,4x3,likert,ART,0.05,0.5,0.5,0,0.6182,0.724,0.1376
20,4x3,likert,INT,0.05,0.5,0.5,0,0.594,0.739,0.0468
20,4x3,likert,PAR,0.01,0.5,0.5,0,0.3402,0.4926,0.0092
20,4x3,likert,RNK,0.01,0.5,0.5,0,0.3492,0.5062,0.0088
20,4x3,likert,ART,0.01,0.5,0.5,0,0.4098,0.526,0.0552
20,4x3,likert,INT,0.01,0.5,0.5,0,0.3556,0.5196,0.0092
20,4x3,likert,PAR,0.05,1,0.5,0,0.9868,0.7118,0.0596
20,4x3,likert,RNK,0.05,1,0.5,0,0.9874,0.7172,0.0518
20,4x3,likert,ART,0.05,1,0.5,0,0.9784,0.7434,0.1612
20,4x3,likert,INT,0.05,1,0.5,0,0.989,0.7292,0.0522
20,4x3,likert,PAR,0.01,1,0.5,0,0.9504,0.471,0.0136
20,4x3,likert,RNK,0.01,1,0.5,0,0.9622,0.486,0.011
20,4x3,likert,ART,0.01,1,0.5,0,0.9426,0.5466,0.0766
20,4x3,likert,INT,0.01,1,0.5,0,0.9636,0.5028,0.012
20,4x3,likert,PAR,0.05,2,0.5,0,1,0.6644,0.0764
20,4x3,likert,RNK,0.05,2,0.5,0,1,0.6728,0.0686
20,4x3,likert,ART,0.05,2,0.5,0,0.9992,0.7328,0.2308
20,4x3,likert,INT,0.05,2,0.5,0,1,0.6856,0.0642
20,4x3,likert,PAR,0.01,2,0.5,0,0.9998,0.4336,0.0264
20,4x3,likert,RNK,0.01,2,0.5,0,1,0.446,0.0168
20,4x3,likert,ART,0.01,2,0.5,0,0.998,0.5566,0.1194
20,4x3,likert,INT,0.01,2,0.5,0,1,0.4586,0.016
20,4x3,likert,PAR,0.05,4,0.5,0,0.9996,0.5716,0.113
20,4x3,likert,RNK,0.05,4,0.5,0,0.9998,0.5676,0.0888
20,4x3,likert,ART,0.05,4,0.5,0,0.9994,0.7618,0.395
20,4x3,likert,INT,0.05,4,0.5,0,0.9996,0.5858,0.0864
20,4x3,likert,PAR,0.01,4,0.5,0,0.9994,0.3438,0.0424
20,4x3,likert,RNK,0.01,4,0.5,0,0.9996,0.3438,0.0298
20,4x3,likert,ART,0.01,4,0.5,0,0.9986,0.5988,0.2606
20,4x3,likert,INT,0.01,4,0.5,0,0.9996,0.3638,0.026
20,4x3,likert,PAR,0.05,8,0.5,0,0.9992,0.4216,0.157
20,4x3,likert,RNK,0.05,8,0.5,0,0.9992,0.4088,0.1388
20,4x3,likert,ART,0.05,8,0.5,0,0.999,0.8096,0.6166
20,4x3,likert,INT,0.05,8,0.5,0,0.9994,0.4197,0.138
20,4x3,likert,PAR,0.01,8,0.5,0,0.9986,0.207,0.0646
20,4x3,likert,RNK,0.01,8,0.5,0,0.999,0.2048,0.062
20,4x3,likert,ART,0.01,8,0.5,0,0.9984,0.6824,0.4874
20,4x3,likert,INT,0.01,8,0.5,0,0.9992,0.212,0.0514
20,4x3,likert,PAR,0.05,0,0,1.25,0.0506,0.0484,0.5226
20,4x3,likert,RNK,0.05,0,0,1.25,0.0522,0.0462,0.5264
20,4x3,likert,ART,0.05,0,0,1.25,0.1548,0.146,0.5744
20,4x3,likert,INT,0.05,0,0,1.25,0.052,0.0476,0.5422
20,4x3,likert,PAR,0.01,0,0,1.25,0.0112,0.0086,0.2938
20,4x3,likert,RNK,0.01,0,0,1.25,0.011,0.0078,0.304
20,4x3,likert,ART,0.01,0,0,1.25,0.0708,0.0596,0.3548
20,4x3,likert,INT,0.01,0,0,1.25,0.0102,0.0084,0.3112
20,4x3,likert,PAR,0.05,0.5,0,1.25,0.5626,0.054,0.5168
20,4x3,likert,RNK,0.05,0.5,0,1.25,0.5702,0.0536,0.5222
20,4x3,likert,ART,0.05,0.5,0,1.25,0.6226,0.1694,0.563
20,4x3,likert,INT,0.05,0.5,0,1.25,0.5864,0.054,0.5392
20,4x3,likert,PAR,0.01,0.5,0,1.25,0.3306,0.0112,0.2846
20,4x3,likert,RNK,0.01,0.5,0,1.25,0.341,0.0124,0.2888
20,4x3,likert,ART,0.01,0.5,0,1.25,0.4178,0.0872,0.353
20,4x3,likert,INT,0.01,0.5,0,1.25,0.3464,0.0134,0.297
20,4x3,likert,PAR,0.05,1,0,1.25,0.989,0.064,0.5036
20,4x3,likert,RNK,0.05,1,0,1.25,0.9918,0.0516,0.4908
20,4x3,likert,ART,0.05,1,0,1.25,0.9844,0.2076,0.559
20,4x3,likert,INT,0.05,1,0,1.25,0.9924,0.054,0.5172
20,4x3,likert,PAR,0.01,1,0,1.25,0.9604,0.0136,0.2822
20,4x3,likert,RNK,0.01,1,0,1.25,0.971,0.0128,0.2746
20,4x3,likert,ART,0.01,1,0,1.25,0.953,0.104,0.3606
20,4x3,likert,INT,0.01,1,0,1.25,0.9734,0.012,0.2922
20,4x3,likert,PAR,0.05,2,0,1.25,0.9998,0.0944,0.4628
20,4x3,likert,RNK,0.05,2,0,1.25,0.9998,0.0644,0.4366
20,4x3,likert,ART,0.05,2,0,1.25,0.9988,0.285,0.5618
20,4x3,likert,INT,0.05,2,0,1.25,0.9998,0.07,0.4798
20,4x3,likert,PAR,0.01,2,0,1.25,0.9994,0.0296,0.2574
20,4x3,likert,RNK,0.01,2,0,1.25,0.9996,0.0178,0.221
20,4x3,likert,ART,0.01,2,0,1.25,0.9976,0.174,0.3676
20,4x3,likert,INT,0.01,2,0,1.25,0.9998,0.0182,0.2564
20,4x3,likert,PAR,0.05,4,0,1.25,0.9998,0.138,0.3942
20,4x3,likert,RNK,0.05,4,0,1.25,0.9998,0.1022,0.3256
20,4x3,likert,ART,0.05,4,0,1.25,0.999,0.4346,0.5752
20,4x3,likert,INT,0.05,4,0,1.25,0.9998,0.105,0.3916
20,4x3,likert,PAR,0.01,4,0,1.25,0.9998,0.0542,0.2206
20,4x3,likert,RNK,0.01,4,0,1.25,0.9998,0.032,0.152
20,4x3,likert,ART,0.01,4,0,1.25,0.9988,0.3108,0.4122
20,4x3,likert,INT,0.01,4,0,1.25,0.9998,0.037,0.205
20,4x3,likert,PAR,0.05,8,0,1.25,0.9986,0.147,0.3246
20,4x3,likert,RNK,0.05,8,0,1.25,0.9986,0.1206,0.2592
20,4x3,likert,ART,0.05,8,0,1.25,0.998,0.6292,0.6496
20,4x3,likert,INT,0.05,8,0,1.25,0.9994,0.1311,0.3141
20,4x3,likert,PAR,0.01,8,0,1.25,0.9984,0.0532,0.1836
20,4x3,likert,RNK,0.01,8,0,1.25,0.9984,0.0388,0.1252
20,4x3,likert,ART,0.01,8,0,1.25,0.9978,0.524,0.5176
20,4x3,likert,INT,0.01,8,0,1.25,0.9992,0.0438,0.1677
20,2x3,norm,PAR,0.05,0,0.5,0,0.0492,0.4844,0.0526
20,2x3,norm,RNK,0.05,0,0.5,0,0.053,0.4678,0.05
20,2x3,norm,ART,0.05,0,0.5,0,0.0518,0.4656,0.05
20,2x3,norm,INT,0.05,0,0.5,0,0.0504,0.4792,0.052
20,2x3,norm,PAR,0.01,0,0.5,0,0.0128,0.2654,0.0116
20,2x3,norm,RNK,0.01,0,0.5,0,0.0124,0.2496,0.0104
20,2x3,norm,ART,0.01,0,0.5,0,0.0106,0.2526,0.0106
20,2x3,norm,INT,0.01,0,0.5,0,0.0122,0.26,0.0112
20,2x3,norm,PAR,0.05,0.5,0.5,0,0.7356,0.5022,0.0502
20,2x3,norm,RNK,0.05,0.5,0.5,0,0.719,0.477,0.0498
20,2x3,norm,ART,0.05,0.5,0.5,0,0.7216,0.485,0.0488
20,2x3,norm,INT,0.05,0.5,0.5,0,0.732,0.4966,0.0474
20,2x3,norm,PAR,0.01,0.5,0.5,0,0.5016,0.267,0.0114
20,2x3,norm,RNK,0.01,0.5,0.5,0,0.4826,0.255,0.0108
20,2x3,norm,ART,0.01,0.5,0.5,0,0.4874,0.259,0.0096
20,2x3,norm,INT,0.01,0.5,0.5,0,0.4994,0.2644,0.0106
20,2x3,norm,PAR,0.05,1,0.5,0,0.9998,0.4956,0.0538
20,2x3,norm,RNK,0.05,1,0.5,0,0.999,0.4752,0.0548
20,2x3,norm,ART,0.05,1,0.5,0,0.9994,0.4788,0.055
20,2x3,norm,INT,0.05,1,0.5,0,0.9998,0.4912,0.052
20,2x3,norm,PAR,0.01,1,0.5,0,0.9944,0.2652,0.0102
20,2x3,norm,RNK,0.01,1,0.5,0,0.992,0.2502,0.0092
20,2x3,norm,ART,0.01,1,0.5,0,0.993,0.2514,0.0094
20,2x3,norm,INT,0.01,1,0.5,0,0.994,0.2592,0.0088
20,2x3,norm,PAR,0.05,2,0.5,0,1,0.4934,0.0542
20,2x3,norm,RNK,0.05,2,0.5,0,1,0.47,0.052
20,2x3,norm,ART,0.05,2,0.5,0,1,0.4788,0.0546
20,2x3,norm,INT,0.05,2,0.5,0,1,0.4836,0.0506
20,2x3,norm,PAR,0.01,2,0.5,0,1,0.2668,0.012
20,2x3,norm,RNK,0.01,2,0.5,0,1,0.2454,0.0122
20,2x3,norm,ART,0.01,2,0.5,0,1,0.2542,0.0126
20,2x3,norm,INT,0.01,2,0.5,0,1,0.257,0.0102
20,2x3,norm,PAR,0.05,4,0.5,0,1,0.495,0.0424
20,2x3,norm,RNK,0.05,4,0.5,0,1,0.4772,0.0424
20,2x3,norm,ART,0.05,4,0.5,0,1,0.4794,0.0426
20,2x3,norm,INT,0.05,4,0.5,0,1,0.4622,0.04
20,2x3,norm,PAR,0.01,4,0.5,0,1,0.2578,0.008
20,2x3,norm,RNK,0.01,4,0.5,0,1,0.25,0.0068
20,2x3,norm,ART,0.01,4,0.5,0,1,0.2476,0.0076
20,2x3,norm,INT,0.01,4,0.5,0,1,0.236,0.0062
20,2x3,norm,PAR,0.05,8,0.5,0,1,0.4968,0.0478
20,2x3,norm,RNK,0.05,8,0.5,0,1,0.472,0.05
20,2x3,norm,ART,0.05,8,0.5,0,1,0.475,0.0516
20,2x3,norm,INT,0.05,8,0.5,0,1,0.4636,0.0434
20,2x3,norm,PAR,0.01,8,0.5,0,1,0.2622,0.0064
20,2x3,norm,RNK,0.01,8,0.5,0,1,0.2498,0.009
20,2x3,norm,ART,0.01,8,0.5,0,1,0.2486,0.0082
20,2x3,norm,INT,0.01,8,0.5,0,1,0.2324,0.0078
20,2x3,norm,PAR,0.05,0,0,1.25,0.0496,0.0466,0.7028
20,2x3,norm,RNK,0.05,0,0,1.25,0.0486,0.0464,0.6904
20,2x3,norm,ART,0.05,0,0,1.25,0.0476,0.0454,0.6906
20,2x3,norm,INT,0.05,0,0,1.25,0.0476,0.0476,0.7036
20,2x3,norm,PAR,0.01,0,0,1.25,0.0094,0.0084,0.4694
20,2x3,norm,RNK,0.01,0,0,1.25,0.0092,0.0084,0.4524
20,2x3,norm,ART,0.01,0,0,1.25,0.0088,0.0082,0.4546
20,2x3,norm,INT,0.01,0,0,1.25,0.0084,0.009,0.465
20,2x3,norm,PAR,0.05,0.5,0,1.25,0.7424,0.0568,0.6974
20,2x3,norm,RNK,0.05,0.5,0,1.25,0.722,0.0566,0.6758
20,2x3,norm,ART,0.05,0.5,0,1.25,0.7184,0.0556,0.6796
20,2x3,norm,INT,0.05,0.5,0,1.25,0.7416,0.058,0.694
20,2x3,norm,PAR,0.01,0.5,0,1.25,0.5022,0.012,0.4528
20,2x3,norm,RNK,0.01,0.5,0,1.25,0.4792,0.0128,0.4342
20,2x3,norm,ART,0.01,0.5,0,1.25,0.4836,0.012,0.4358
20,2x3,norm,INT,0.01,0.5,0,1.25,0.4938,0.0116,0.4488
20,2x3,norm,PAR,0.05,1,0,1.25,0.9992,0.0534,0.6998
20,2x3,norm,RNK,0.05,1,0,1.25,0.9988,0.051,0.6694
20,2x3,norm,ART,0.05,1,0,1.25,0.9986,0.0502,0.674
20,2x3,norm,INT,0.05,1,0,1.25,0.9992,0.05,0.6884
20,2x3,norm,PAR,0.01,1,0,1.25,0.9936,0.008,0.462
20,2x3,norm,RNK,0.01,1,0,1.25,0.9908,0.009,0.4328
20,2x3,norm,ART,0.01,1,0,1.25,0.993,0.008,0.442
20,2x3,norm,INT,0.01,1,0,1.25,0.9932,0.008,0.4552
20,2x3,norm,PAR,0.05,2,0,1.25,1,0.0536,0.685
20,2x3,norm,RNK,0.05,2,0,1.25,1,0.0512,0.6646
20,2x3,norm,ART,0.05,2,0,1.25,1,0.053,0.6674
20,2x3,norm,INT,0.05,2,0,1.25,1,0.046,0.6796
20,2x3,norm,PAR,0.01,2,0,1.25,1,0.0114,0.458
20,2x3,norm,RNK,0.01,2,0,1.25,1,0.0102,0.4296
20,2x3,norm,ART,0.01,2,0,1.25,1,0.0118,0.4454
20,2x3,norm,INT,0.01,2,0,1.25,1,0.0094,0.4476
20,2x3,norm,PAR,0.05,4,0,1.25,1,0.0528,0.6936
20,2x3,norm,RNK,0.05,4,0,1.25,1,0.0464,0.6762
20,2x3,norm,ART,0.05,4,0,1.25,1,0.052,0.6782
20,2x3,norm,INT,0.05,4,0,1.25,1,0.0464,0.6614
20,2x3,norm,PAR,0.01,4,0,1.25,1,0.0126,0.4604
20,2x3,norm,RNK,0.01,4,0,1.25,1,0.0114,0.4444
20,2x3,norm,ART,0.01,4,0,1.25,1,0.0134,0.4408
20,2x3,norm,INT,0.01,4,0,1.25,1,0.0104,0.4208
20,2x3,norm,PAR,0.05,8,0,1.25,1,0.053,0.7012
20,2x3,norm,RNK,0.05,8,0,1.25,1,0.0486,0.6738
20,2x3,norm,ART,0.05,8,0,1.25,1,0.0518,0.6782
20,2x3,norm,INT,0.05,8,0,1.25,1,0.0488,0.6472
20,2x3,norm,PAR,0.01,8,0,1.25,1,0.0118,0.4558
20,2x3,norm,RNK,0.01,8,0,1.25,1,0.01,0.4364
20,2x3,norm,ART,0.01,8,0,1.25,1,0.0128,0.4408
20,2x3,norm,INT,0.01,8,0,1.25,1,0.009,0.4124
20,2x3,lnorm,PAR,0.05,0,0.5,0,0.0394,0.3036,0.0414
20,2x3,lnorm,RNK,0.05,0,0.5,0,0.048,0.4744,0.0502
20,2x3,lnorm,ART,0.05,0,0.5,0,0.0832,0.4526,0.0668
20,2x3,lnorm,INT,0.05,0,0.5,0,0.0462,0.4902,0.0476
20,2x3,lnorm,PAR,0.01,0,0.5,0,0.0044,0.1158,0.0068
20,2x3,lnorm,RNK,0.01,0,0.5,0,0.0098,0.251,0.01
20,2x3,lnorm,ART,0.01,0,0.5,0,0.0224,0.2244,0.0214
20,2x3,lnorm,INT,0.01,0,0.5,0,0.0088,0.2602,0.0106
20,2x3,lnorm,PAR,0.05,0.5,0.5,0,0.514,0.3,0.0486
20,2x3,lnorm,RNK,0.05,0.5,0.5,0,0.708,0.4846,0.0496
20,2x3,lnorm,ART,0.05,0.5,0.5,0,0.6866,0.4812,0.1238
20,2x3,lnorm,INT,0.05,0.5,0.5,0,0.723,0.4966,0.0492
20,2x3,lnorm,PAR,0.01,0.5,0.5,0,0.2482,0.1156,0.0082
20,2x3,lnorm,RNK,0.01,0.5,0.5,0,0.467,0.2604,0.0088
20,2x3,lnorm,ART,0.01,0.5,0.5,0,0.469,0.258,0.0408
20,2x3,lnorm,INT,0.01,0.5,0.5,0,0.4782,0.2686,0.008
20,2x3,lnorm,PAR,0.05,1,0.5,0,0.9588,0.257,0.0638
20,2x3,lnorm,RNK,0.05,1,0.5,0,0.999,0.4788,0.0464
20,2x3,lnorm,ART,0.05,1,0.5,0,0.9956,0.5478,0.257
20,2x3,lnorm,INT,0.05,1,0.5,0,0.9996,0.4908,0.0472
20,2x3,lnorm,PAR,0.01,1,0.5,0,0.8568,0.0908,0.0124
20,2x3,lnorm,RNK,0.01,1,0.5,0,0.9906,0.2478,0.0088
20,2x3,lnorm,ART,0.01,1,0.5,0,0.9816,0.3244,0.107
20,2x3,lnorm,INT,0.01,1,0.5,0,0.9928,0.256,0.0086
20,2x3,lnorm,PAR,0.05,2,0.5,0,0.9986,0.2228,0.1276
20,2x3,lnorm,RNK,0.05,2,0.5,0,1,0.4718,0.0464
20,2x3,lnorm,ART,0.05,2,0.5,0,1,0.7444,0.6254
20,2x3,lnorm,INT,0.05,2,0.5,0,1,0.4894,0.0446
20,2x3,lnorm,PAR,0.01,2,0.5,0,0.9916,0.0776,0.0328
20,2x3,lnorm,RNK,0.01,2,0.5,0,1,0.2456,0.0076
20,2x3,lnorm,ART,0.01,2,0.5,0,1,0.5418,0.384
20,2x3,lnorm,INT,0.01,2,0.5,0,1,0.2538,0.0074
20,2x3,lnorm,PAR,0.05,4,0.5,0,0.9986,0.176,0.1624
20,2x3,lnorm,RNK,0.05,4,0.5,0,1,0.4812,0.053
20,2x3,lnorm,ART,0.05,4,0.5,0,1,0.918,0.9168
20,2x3,lnorm,INT,0.05,4,0.5,0,1,0.475,0.0484
20,2x3,lnorm,PAR,0.01,4,0.5,0,0.995,0.0542,0.0498
20,2x3,lnorm,RNK,0.01,4,0.5,0,1,0.2492,0.0106
20,2x3,lnorm,ART,0.01,4,0.5,0,1,0.7634,0.7482
20,2x3,lnorm,INT,0.01,4,0.5,0,1,0.2372,0.0088
20,2x3,lnorm,PAR,0.05,8,0.5,0,0.9994,0.1682,0.1676
20,2x3,lnorm,RNK,0.05,8,0.5,0,1,0.4856,0.0502
20,2x3,lnorm,ART,0.05,8,0.5,0,1,0.9504,0.9498
20,2x3,lnorm,INT,0.05,8,0.5,0,1,0.4732,0.0472
20,2x3,lnorm,PAR,0.01,8,0.5,0,0.9962,0.0456,0.0452
20,2x3,lnorm,RNK,0.01,8,0.5,0,1,0.2564,0.0092
20,2x3,lnorm,ART,0.01,8,0.5,0,1,0.8,0.8062
20,2x3,lnorm,INT,0.01,8,0.5,0,1,0.239,0.0084
20,2x3,lnorm,PAR,0.05,0,0,1.25,0.044,0.0384,0.4664
20,2x3,lnorm,RNK,0.05,0,0,1.25,0.0516,0.0512,0.6728
20,2x3,lnorm,ART,0.05,0,0,1.25,0.0974,0.084,0.6504
20,2x3,lnorm,INT,0.05,0,0,1.25,0.051,0.049,0.6902
20,2x3,lnorm,PAR,0.01,0,0,1.25,0.0056,0.0062,0.2084
20,2x3,lnorm,RNK,0.01,0,0,1.25,0.0104,0.0094,0.4378
20,2x3,lnorm,ART,0.01,0,0,1.25,0.0336,0.0224,0.4194
20,2x3,lnorm,INT,0.01,0,0,1.25,0.0114,0.0104,0.4496
20,2x3,lnorm,PAR,0.05,0.5,0,1.25,0.5022,0.0544,0.444
20,2x3,lnorm,RNK,0.05,0.5,0,1.25,0.7072,0.047,0.678
20,2x3,lnorm,ART,0.05,0.5,0,1.25,0.6894,0.139,0.6672
20,2x3,lnorm,INT,0.05,0.5,0,1.25,0.7224,0.0464,0.6936
20,2x3,lnorm,PAR,0.01,0.5,0,1.25,0.2428,0.0094,0.2052
20,2x3,lnorm,RNK,0.01,0.5,0,1.25,0.4638,0.008,0.4394
20,2x3,lnorm,ART,0.01,0.5,0,1.25,0.4832,0.0414,0.4492
20,2x3,lnorm,INT,0.01,0.5,0,1.25,0.4814,0.008,0.458
20,2x3,lnorm,PAR,0.05,1,0,1.25,0.959,0.0898,0.4098
20,2x3,lnorm,RNK,0.05,1,0,1.25,0.9986,0.0478,0.6712
20,2x3,lnorm,ART,0.05,1,0,1.25,0.9954,0.3092,0.7134
20,2x3,lnorm,INT,0.05,1,0,1.25,0.9988,0.0462,0.688
20,2x3,lnorm,PAR,0.01,1,0,1.25,0.8416,0.022,0.177
20,2x3,lnorm,RNK,0.01,1,0,1.25,0.9922,0.0112,0.4278
20,2x3,lnorm,ART,0.01,1,0,1.25,0.9816,0.1272,0.5042
20,2x3,lnorm,INT,0.01,1,0,1.25,0.9936,0.011,0.4512
20,2x3,lnorm,PAR,0.05,2,0,1.25,0.9984,0.169,0.312
20,2x3,lnorm,RNK,0.05,2,0,1.25,1,0.0468,0.666
20,2x3,lnorm,ART,0.05,2,0,1.25,1,0.693,0.8466
20,2x3,lnorm,INT,0.05,2,0,1.25,1,0.0418,0.6842
20,2x3,lnorm,PAR,0.01,2,0,1.25,0.9884,0.0452,0.1198
20,2x3,lnorm,RNK,0.01,2,0,1.25,1,0.0096,0.4338
20,2x3,lnorm,ART,0.01,2,0,1.25,1,0.4564,0.6884
20,2x3,lnorm,INT,0.01,2,0,1.25,1,0.0082,0.4422
20,2x3,lnorm,PAR,0.05,4,0,1.25,0.9988,0.2344,0.2552
20,2x3,lnorm,RNK,0.05,4,0,1.25,1,0.0522,0.675
20,2x3,lnorm,ART,0.05,4,0,1.25,1,0.9376,0.9466
20,2x3,lnorm,INT,0.05,4,0,1.25,1,0.0482,0.6576
20,2x3,lnorm,PAR,0.01,4,0,1.25,0.9944,0.0768,0.0882
20,2x3,lnorm,RNK,0.01,4,0,1.25,1,0.011,0.4364
20,2x3,lnorm,ART,0.01,4,0,1.25,1,0.7972,0.8256
20,2x3,lnorm,INT,0.01,4,0,1.25,1,0.0088,0.4114
20,2x3,lnorm,PAR,0.05,8,0,1.25,0.9994,0.251,0.2516
20,2x3,lnorm,RNK,0.05,8,0,1.25,1,0.0482,0.6746
20,2x3,lnorm,ART,0.05,8,0,1.25,1,0.9648,0.9672
20,2x3,lnorm,INT,0.05,8,0,1.25,1,0.0424,0.6592
20,2x3,lnorm,PAR,0.01,8,0,1.25,0.9958,0.0862,0.0862
20,2x3,lnorm,RNK,0.01,8,0,1.25,1,0.0076,0.4342
20,2x3,lnorm,ART,0.01,8,0,1.25,1,0.8504,0.8558
20,2x3,lnorm,INT,0.01,8,0,1.25,1,0.0074,0.4168
20,2x3,exp,PAR,0.05,0,0.5,0,0.0456,0.4416,0.049
20,2x3,exp,RNK,0.05,0,0.5,0,0.0488,0.3884,0.0518
20,2x3,exp,ART,0.05,0,0.5,0,0.0692,0.401,0.0586
20,2x3,exp,INT,0.05,0,0.5,0,0.0508,0.398,0.0492
20,2x3,exp,PAR,0.01,0,0.5,0,0.0074,0.2024,0.0106
20,2x3,exp,RNK,0.01,0,0.5,0,0.01,0.188,0.0092
20,2x3,exp,ART,0.01,0,0.5,0,0.0144,0.19,0.0152
20,2x3,exp,INT,0.01,0,0.5,0,0.0114,0.1948,0.01
20,2x3,exp,PAR,0.05,0.5,0.5,0,0.6774,0.402,0.0586
20,2x3,exp,RNK,0.05,0.5,0.5,0,0.612,0.369,0.048
20,2x3,exp,ART,0.05,0.5,0.5,0,0.6494,0.434,0.111
20,2x3,exp,INT,0.05,0.5,0.5,0,0.6288,0.3856,0.0468
20,2x3,exp,PAR,0.01,0.5,0.5,0,0.3982,0.1712,0.012
20,2x3,exp,RNK,0.01,0.5,0.5,0,0.361,0.176,0.0112
20,2x3,exp,ART,0.01,0.5,0.5,0,0.4144,0.2146,0.0322
20,2x3,exp,INT,0.01,0.5,0.5,0,0.3762,0.174,0.0124
20,2x3,exp,PAR,0.05,1,0.5,0,0.9964,0.381,0.0978
20,2x3,exp,RNK,0.05,1,0.5,0,0.9918,0.3756,0.0508
20,2x3,exp,ART,0.05,1,0.5,0,0.993,0.5498,0.2554
20,2x3,exp,INT,0.05,1,0.5,0,0.9926,0.3914,0.053
20,2x3,exp,PAR,0.01,1,0.5,0,0.9734,0.1636,0.026
20,2x3,exp,RNK,0.01,1,0.5,0,0.9612,0.1782,0.009
20,2x3,exp,ART,0.01,1,0.5,0,0.9686,0.329,0.1066
20,2x3,exp,INT,0.01,1,0.5,0,0.9658,0.1844,0.0094
20,2x3,exp,PAR,0.05,2,0.5,0,1,0.2746,0.1616
20,2x3,exp,RNK,0.05,2,0.5,0,1,0.3466,0.0468
20,2x3,exp,ART,0.05,2,0.5,0,1,0.76,0.6226
20,2x3,exp,INT,0.05,2,0.5,0,1,0.3582,0.0494
20,2x3,exp,PAR,0.01,2,0.5,0,0.9998,0.1052,0.0452
20,2x3,exp,RNK,0.01,2,0.5,0,1,0.1664,0.0092
20,2x3,exp,ART,0.01,2,0.5,0,1,0.5774,0.3916
20,2x3,exp,INT,0.01,2,0.5,0,1,0.1672,0.0072
20,2x3,exp,PAR,0.05,4,0.5,0,1,0.2278,0.2158
20,2x3,exp,RNK,0.05,4,0.5,0,1,0.3618,0.0466
20,2x3,exp,ART,0.05,4,0.5,0,1,0.944,0.9372
20,2x3,exp,INT,0.05,4,0.5,0,1,0.355,0.0488
20,2x3,exp,PAR,0.01,4,0.5,0,1,0.0774,0.0712
20,2x3,exp,RNK,0.01,4,0.5,0,1,0.1634,0.0088
20,2x3,exp,ART,0.01,4,0.5,0,1,0.7956,0.7846
20,2x3,exp,INT,0.01,4,0.5,0,1,0.1574,0.0088
20,2x3,exp,PAR,0.05,8,0.5,0,1,0.2252,0.225
20,2x3,exp,RNK,0.05,8,0.5,0,1,0.3862,0.051
20,2x3,exp,ART,0.05,8,0.5,0,1,0.9704,0.9708
20,2x3,exp,INT,0.05,8,0.5,0,1,0.3792,0.0476
20,2x3,exp,PAR,0.01,8,0.5,0,1,0.0802,0.0802
20,2x3,exp,RNK,0.01,8,0.5,0,1,0.1866,0.0084
20,2x3,exp,ART,0.01,8,0.5,0,1,0.8492,0.851
20,2x3,exp,INT,0.01,8,0.5,0,1,0.171,0.009
20,2x3,exp,PAR,0.05,0,0,1.25,0.051,0.0528,0.6244
20,2x3,exp,RNK,0.05,0,0,1.25,0.0492,0.051,0.562
20,2x3,exp,ART,0.05,0,0,1.25,0.0766,0.0836,0.586
20,2x3,exp,INT,0.05,0,0,1.25,0.0486,0.054,0.576
20,2x3,exp,PAR,0.01,0,0,1.25,0.0102,0.0096,0.3628
20,2x3,exp,RNK,0.01,0,0,1.25,0.0126,0.012,0.3292
20,2x3,exp,ART,0.01,0,0,1.25,0.0212,0.023,0.3612
20,2x3,exp,INT,0.01,0,0,1.25,0.0118,0.0118,0.335
20,2x3,exp,PAR,0.05,0.5,0,1.25,0.6582,0.0686,0.5924
20,2x3,exp,RNK,0.05,0.5,0,1.25,0.6134,0.0462,0.5512
20,2x3,exp,ART,0.05,0.5,0,1.25,0.653,0.1362,0.6086
20,2x3,exp,INT,0.05,0.5,0,1.25,0.626,0.0448,0.567
20,2x3,exp,PAR,0.01,0.5,0,1.25,0.3936,0.0114,0.3304
20,2x3,exp,RNK,0.01,0.5,0,1.25,0.3642,0.0122,0.3186
20,2x3,exp,ART,0.01,0.5,0,1.25,0.4382,0.0424,0.3916
20,2x3,exp,INT,0.01,0.5,0,1.25,0.3798,0.0106,0.3292
20,2x3,exp,PAR,0.05,1,0,1.25,0.9952,0.1252,0.5396
20,2x3,exp,RNK,0.05,1,0,1.25,0.992,0.05,0.5488
20,2x3,exp,ART,0.05,1,0,1.25,0.9938,0.2972,0.699
20,2x3,exp,INT,0.05,1,0,1.25,0.9934,0.0512,0.5628
20,2x3,exp,PAR,0.01,1,0,1.25,0.9684,0.0352,0.2788
20,2x3,exp,RNK,0.01,1,0,1.25,0.9624,0.0092,0.3102
20,2x3,exp,ART,0.01,1,0,1.25,0.9714,0.1342,0.483
20,2x3,exp,INT,0.01,1,0,1.25,0.9672,0.01,0.3278
20,2x3,exp,PAR,0.05,2,0,1.25,1,0.2378,0.4208
20,2x3,exp,RNK,0.05,2,0,1.25,1,0.0504,0.5258
20,2x3,exp,ART,0.05,2,0,1.25,1,0.6986,0.8534
20,2x3,exp,INT,0.05,2,0,1.25,1,0.0496,0.5352
20,2x3,exp,PAR,0.01,2,0,1.25,1,0.081,0.1912
20,2x3,exp,RNK,0.01,2,0,1.25,1,0.0086,0.2894
20,2x3,exp,ART,0.01,2,0,1.25,1,0.4836,0.7044
20,2x3,exp,INT,0.01,2,0,1.25,1,0.0094,0.303
20,2x3,exp,PAR,0.05,4,0,1.25,1,0.3238,0.3468
20,2x3,exp,RNK,0.05,4,0,1.25,1,0.0486,0.5532
20,2x3,exp,ART,0.05,4,0,1.25,1,0.958,0.965
20,2x3,exp,INT,0.05,4,0,1.25,1,0.0468,0.5464
20,2x3,exp,PAR,0.01,4,0,1.25,1,0.1204,0.1344
20,2x3,exp,RNK,0.01,4,0,1.25,1,0.0104,0.31
20,2x3,exp,ART,0.01,4,0,1.25,1,0.8402,0.8616
20,2x3,exp,INT,0.01,4,0,1.25,1,0.01,0.3112
20,2x3,exp,PAR,0.05,8,0,1.25,1,0.332,0.3326
20,2x3,exp,RNK,0.05,8,0,1.25,1,0.0474,0.5556
20,2x3,exp,ART,0.05,8,0,1.25,1,0.9824,0.9828
20,2x3,exp,INT,0.05,8,0,1.25,1,0.0448,0.5426
20,2x3,exp,PAR,0.01,8,0,1.25,1,0.124,0.124
20,2x3,exp,RNK,0.01,8,0,1.25,1,0.0126,0.3142
20,2x3,exp,ART,0.01,8,0,1.25,1,0.8962,0.8976
20,2x3,exp,INT,0.01,8,0,1.25,1,0.0112,0.2946
20,2x3,binom,PAR,0.05,0,0.5,0,0.0506,0.451,0.0474
20,2x3,binom,RNK,0.05,0,0.5,0,0.0522,0.428,0.05
20,2x3,binom,ART,0.05,0,0.5,0,0.09,0.4248,0.0646
20,2x3,binom,INT,0.05,0,0.5,0,0.0514,0.4438,0.0484
20,2x3,binom,PAR,0.01,0,0.5,0,0.0112,0.2258,0.0116
20,2x3,binom,RNK,0.01,0,0.5,0,0.0098,0.2094,0.0108
20,2x3,binom,ART,0.01,0,0.5,0,0.0302,0.213,0.016
20,2x3,binom,INT,0.01,0,0.5,0,0.0108,0.2234,0.0114
20,2x3,binom,PAR,0.05,0.5,0.5,0,0.673,0.455,0.0618
20,2x3,binom,RNK,0.05,0.5,0.5,0,0.6406,0.4258,0.0524
20,2x3,binom,ART,0.05,0.5,0.5,0,0.6458,0.457,0.0928
20,2x3,binom,INT,0.05,0.5,0.5,0,0.6662,0.4476,0.0584
20,2x3,binom,PAR,0.01,0.5,0.5,0,0.4248,0.2266,0.0146
20,2x3,binom,RNK,0.01,0.5,0.5,0,0.3956,0.2086,0.0102
20,2x3,binom,ART,0.01,0.5,0.5,0,0.4438,0.2392,0.0268
20,2x3,binom,INT,0.01,0.5,0.5,0,0.4196,0.2226,0.011
20,2x3,binom,PAR,0.05,1,0.5,0,0.996,0.4312,0.0988
20,2x3,binom,RNK,0.05,1,0.5,0,0.9934,0.3912,0.0642
20,2x3,binom,ART,0.05,1,0.5,0,0.986,0.5142,0.1632
20,2x3,binom,INT,0.05,1,0.5,0,0.9958,0.422,0.0802
20,2x3,binom,PAR,0.01,1,0.5,0,0.9766,0.2138,0.0246
20,2x3,binom,RNK,0.01,1,0.5,0,0.9692,0.191,0.012
20,2x3,binom,ART,0.01,1,0.5,0,0.9576,0.2862,0.058
20,2x3,binom,INT,0.01,1,0.5,0,0.976,0.208,0.0186
20,2x3,binom,PAR,0.05,2,0.5,0,1,0.406,0.2074
20,2x3,binom,RNK,0.05,2,0.5,0,1,0.3506,0.1164
20,2x3,binom,ART,0.05,2,0.5,0,1,0.6984,0.4876
20,2x3,binom,INT,0.05,2,0.5,0,1,0.392,0.156
20,2x3,binom,PAR,0.01,2,0.5,0,1,0.1976,0.0776
20,2x3,binom,RNK,0.01,2,0.5,0,1,0.1684,0.0368
20,2x3,binom,ART,0.01,2,0.5,0,1,0.4806,0.2704
20,2x3,binom,INT,0.01,2,0.5,0,1,0.1936,0.054
20,2x3,binom,PAR,0.05,4,0.5,0,1,0.3918,0.3538
20,2x3,binom,RNK,0.05,4,0.5,0,1,0.3412,0.2604
20,2x3,binom,ART,0.05,4,0.5,0,1,0.937,0.9046
20,2x3,binom,INT,0.05,4,0.5,0,1,0.3808,0.3152
20,2x3,binom,PAR,0.01,4,0.5,0,1,0.1848,0.1548
20,2x3,binom,RNK,0.01,4,0.5,0,1,0.1502,0.1042
20,2x3,binom,ART,0.01,4,0.5,0,1,0.8076,0.744
20,2x3,binom,INT,0.01,4,0.5,0,1,0.1796,0.1316
20,2x3,binom,PAR,0.05,8,0.5,0,1,0.3894,0.3874
20,2x3,binom,RNK,0.05,8,0.5,0,1,0.337,0.3338
20,2x3,binom,ART,0.05,8,0.5,0,1,0.9736,0.968
20,2x3,binom,INT,0.05,8,0.5,0,1,0.3784,0.3758
20,2x3,binom,PAR,0.01,8,0.5,0,1,0.178,0.179
20,2x3,binom,RNK,0.01,8,0.5,0,1,0.1546,0.1534
20,2x3,binom,ART,0.01,8,0.5,0,1,0.8772,0.8626
20,2x3,binom,INT,0.01,8,0.5,0,1,0.1726,0.1738
20,2x3,binom,PAR,0.05,0,0,1.25,0.044,0.056,0.629
20,2x3,binom,RNK,0.05,0,0,1.25,0.0398,0.052,0.6034
20,2x3,binom,ART,0.05,0,0,1.25,0.0956,0.0746,0.6068
20,2x3,binom,INT,0.05,0,0,1.25,0.0436,0.0548,0.6256
20,2x3,binom,PAR,0.01,0,0,1.25,0.0084,0.0108,0.3848
20,2x3,binom,RNK,0.01,0,0,1.25,0.0072,0.0124,0.36
20,2x3,binom,ART,0.01,0,0,1.25,0.028,0.016,0.3724
20,2x3,binom,INT,0.01,0,0,1.25,0.0068,0.0118,0.3806
20,2x3,binom,PAR,0.05,0.5,0,1.25,0.6762,0.0728,0.6352
20,2x3,binom,RNK,0.05,0.5,0,1.25,0.6418,0.0606,0.606
20,2x3,binom,ART,0.05,0.5,0,1.25,0.6506,0.1032,0.6422
20,2x3,binom,INT,0.05,0.5,0,1.25,0.6668,0.063,0.6318
20,2x3,binom,PAR,0.01,0.5,0,1.25,0.4354,0.0182,0.3942
20,2x3,binom,RNK,0.01,0.5,0,1.25,0.4034,0.0132,0.371
20,2x3,binom,ART,0.01,0.5,0,1.25,0.452,0.028,0.4142
20,2x3,binom,INT,0.01,0.5,0,1.25,0.4334,0.0152,0.388
20,2x3,binom,PAR,0.05,1,0,1.25,0.998,0.1312,0.62
20,2x3,binom,RNK,0.05,1,0,1.25,0.9958,0.076,0.5718
20,2x3,binom,ART,0.05,1,0,1.25,0.9924,0.205,0.6794
20,2x3,binom,INT,0.05,1,0,1.25,0.9972,0.1002,0.6042
20,2x3,binom,PAR,0.01,1,0,1.25,0.9824,0.039,0.3734
20,2x3,binom,RNK,0.01,1,0,1.25,0.9766,0.0186,0.3388
20,2x3,binom,ART,0.01,1,0,1.25,0.9648,0.0764,0.46
20,2x3,binom,INT,0.01,1,0,1.25,0.9824,0.0252,0.3696
20,2x3,binom,PAR,0.05,2,0,1.25,1,0.3142,0.5944
20,2x3,binom,RNK,0.05,2,0,1.25,1,0.152,0.5268
20,2x3,binom,ART,0.05,2,0,1.25,1,0.598,0.8318
20,2x3,binom,INT,0.05,2,0,1.25,1,0.2248,0.5842
20,2x3,binom,PAR,0.01,2,0,1.25,1,0.138,0.3558
20,2x3,binom,RNK,0.01,2,0,1.25,1,0.045,0.294
20,2x3,binom,ART,0.01,2,0,1.25,1,0.361,0.656
20,2x3,binom,INT,0.01,2,0,1.25,1,0.0838,0.3436
20,2x3,binom,PAR,0.05,4,0,1.25,1,0.517,0.571
20,2x3,binom,RNK,0.05,4,0,1.25,1,0.3872,0.4946
20,2x3,binom,ART,0.05,4,0,1.25,1,0.9562,0.9652
20,2x3,binom,INT,0.05,4,0,1.25,1,0.4608,0.5526
20,2x3,binom,PAR,0.01,4,0,1.25,1,0.287,0.3258
20,2x3,binom,RNK,0.01,4,0,1.25,1,0.188,0.2604
20,2x3,binom,ART,0.01,4,0,1.25,1,0.8516,0.8856
20,2x3,binom,INT,0.01,4,0,1.25,1,0.2518,0.3106
20,2x3,binom,PAR,0.05,8,0,1.25,1,0.5516,0.5526
20,2x3,binom,RNK,0.05,8,0,1.25,1,0.4816,0.483
20,2x3,binom,ART,0.05,8,0,1.25,1,0.9858,0.9828
20,2x3,binom,INT,0.05,8,0,1.25,1,0.5368,0.5396
20,2x3,binom,PAR,0.01,8,0,1.25,1,0.3194,0.3208
20,2x3,binom,RNK,0.01,8,0,1.25,1,0.257,0.261
20,2x3,binom,ART,0.01,8,0,1.25,1,0.9342,0.92
20,2x3,binom,INT,0.01,8,0,1.25,1,0.3036,0.3074
20,2x3,poisson,PAR,0.05,0,0.5,0,0.0466,0.8772,0.053
20,2x3,poisson,RNK,0.05,0,0.5,0,0.0506,0.8612,0.0506
20,2x3,poisson,ART,0.05,0,0.5,0,0.0632,0.858,0.0564
20,2x3,poisson,INT,0.05,0,0.5,0,0.0502,0.875,0.0542
20,2x3,poisson,PAR,0.01,0,0.5,0,0.011,0.71,0.0104
20,2x3,poisson,RNK,0.01,0,0.5,0,0.011,0.6908,0.0104
20,2x3,poisson,ART,0.01,0,0.5,0,0.0158,0.6906,0.0124
20,2x3,poisson,INT,0.01,0,0.5,0,0.0106,0.7096,0.0096
20,2x3,poisson,PAR,0.05,0.5,0.5,0,0.9714,0.8642,0.1082
20,2x3,poisson,RNK,0.05,0.5,0.5,0,0.9618,0.839,0.0614
20,2x3,poisson,ART,0.05,0.5,0.5,0,0.9618,0.8594,0.1246
20,2x3,poisson,INT,0.05,0.5,0.5,0,0.9686,0.856,0.0688
20,2x3,poisson,PAR,0.01,0.5,0.5,0,0.9032,0.683,0.0336
20,2x3,poisson,RNK,0.01,0.5,0.5,0,0.886,0.6506,0.0126
20,2x3,poisson,ART,0.01,0.5,0.5,0,0.8896,0.6776,0.0416
20,2x3,poisson,INT,0.01,0.5,0.5,0,0.8958,0.678,0.0136
20,2x3,poisson,PAR,0.05,1,0.5,0,1,0.8588,0.2788
20,2x3,poisson,RNK,0.05,1,0.5,0,1,0.8204,0.0862
20,2x3,poisson,ART,0.05,1,0.5,0,1,0.8812,0.3602
20,2x3,poisson,INT,0.05,1,0.5,0,1,0.841,0.1126
20,2x3,poisson,PAR,0.01,1,0.5,0,1,0.6864,0.119
20,2x3,poisson,RNK,0.01,1,0.5,0,1,0.6348,0.022
20,2x3,poisson,ART,0.01,1,0.5,0,1,0.74,0.1774
20,2x3,poisson,INT,0.01,1,0.5,0,1,0.6692,0.0304
20,2x3,poisson,PAR,0.05,2,0.5,0,1,0.8242,0.5948
20,2x3,poisson,RNK,0.05,2,0.5,0,1,0.7652,0.191
20,2x3,poisson,ART,0.05,2,0.5,0,1,0.9364,0.7932
20,2x3,poisson,INT,0.05,2,0.5,0,1,0.8062,0.2908
20,2x3,poisson,PAR,0.01,2,0.5,0,1,0.6496,0.3656
20,2x3,poisson,RNK,0.01,2,0.5,0,1,0.5568,0.0642
20,2x3,poisson,ART,0.01,2,0.5,0,1,0.847,0.6272
20,2x3,poisson,INT,0.01,2,0.5,0,1,0.612,0.1178
20,2x3,poisson,PAR,0.05,4,0.5,0,1,0.7898,0.7582
20,2x3,poisson,RNK,0.05,4,0.5,0,1,0.7334,0.5674
20,2x3,poisson,ART,0.05,4,0.5,0,1,0.9906,0.9836
20,2x3,poisson,INT,0.05,4,0.5,0,1,0.7742,0.6634
20,2x3,poisson,PAR,0.01,4,0.5,0,1,0.598,0.5586
20,2x3,poisson,RNK,0.01,4,0.5,0,1,0.5166,0.346
20,2x3,poisson,ART,0.01,4,0.5,0,1,0.9672,0.9482
20,2x3,poisson,INT,0.01,4,0.5,0,1,0.5678,0.4326
20,2x3,poisson,PAR,0.05,8,0.5,0,1,0.7824,0.7812
20,2x3,poisson,RNK,0.05,8,0.5,0,1,0.7606,0.7562
20,2x3,poisson,ART,0.05,8,0.5,0,1,0.9992,0.9992
20,2x3,poisson,INT,0.05,8,0.5,0,1,0.7732,0.7722
20,2x3,poisson,PAR,0.01,8,0.5,0,1,0.5858,0.5862
20,2x3,poisson,RNK,0.01,8,0.5,0,1,0.568,0.5642
20,2x3,poisson,ART,0.01,8,0.5,0,1,0.9922,0.9916
20,2x3,poisson,INT,0.01,8,0.5,0,1,0.5788,0.5776
20,2x3,poisson,PAR,0.05,0,0,1.25,0.052,0.0626,0.972
20,2x3,poisson,RNK,0.05,0,0,1.25,0.0512,0.0534,0.9648
20,2x3,poisson,ART,0.05,0,0,1.25,0.0708,0.077,0.9658
20,2x3,poisson,INT,0.05,0,0,1.25,0.0494,0.0548,0.969
20,2x3,poisson,PAR,0.01,0,0,1.25,0.0108,0.0168,0.9054
20,2x3,poisson,RNK,0.01,0,0,1.25,0.0088,0.014,0.887
20,2x3,poisson,ART,0.01,0,0,1.25,0.0174,0.0234,0.888
20,2x3,poisson,INT,0.01,0,0,1.25,0.0094,0.0152,0.8978
20,2x3,poisson,PAR,0.05,0.5,0,1.25,0.9766,0.147,0.9694
20,2x3,poisson,RNK,0.05,0.5,0,1.25,0.9682,0.0656,0.962
20,2x3,poisson,ART,0.05,0.5,0,1.25,0.971,0.1834,0.9626
20,2x3,poisson,INT,0.05,0.5,0,1.25,0.9732,0.077,0.9686
20,2x3,poisson,PAR,0.01,0.5,0,1.25,0.9114,0.0524,0.894
20,2x3,poisson,RNK,0.01,0.5,0,1.25,0.8942,0.015,0.8708
20,2x3,poisson,ART,0.01,0.5,0,1.25,0.9002,0.0696,0.888
20,2x3,poisson,INT,0.01,0.5,0,1.25,0.9056,0.0182,0.8872
20,2x3,poisson,PAR,0.05,1,0,1.25,1,0.393,0.9596
20,2x3,poisson,RNK,0.05,1,0,1.25,1,0.0992,0.9402
20,2x3,poisson,ART,0.05,1,0,1.25,1,0.4924,0.9666
20,2x3,poisson,INT,0.05,1,0,1.25,1,0.1428,0.9542
20,2x3,poisson,PAR,0.01,1,0,1.25,1,0.2024,0.8816
20,2x3,poisson,RNK,0.01,1,0,1.25,1,0.0234,0.8464
20,2x3,poisson,ART,0.01,1,0,1.25,1,0.2818,0.906
20,2x3,poisson,INT,0.01,1,0,1.25,1,0.036,0.8684
20,2x3,poisson,PAR,0.05,2,0,1.25,1,0.7626,0.9392
20,2x3,poisson,RNK,0.05,2,0,1.25,1,0.2488,0.9022
20,2x3,poisson,ART,0.05,2,0,1.25,1,0.896,0.9828
20,2x3,poisson,INT,0.05,2,0,1.25,1,0.3956,0.9306
20,2x3,poisson,PAR,0.01,2,0,1.25,1,0.5574,0.8308
20,2x3,poisson,RNK,0.01,2,0,1.25,1,0.0982,0.7642
20,2x3,poisson,ART,0.01,2,0,1.25,1,0.7844,0.9442
20,2x3,poisson,INT,0.01,2,0,1.25,1,0.1832,0.8096
20,2x3,poisson,PAR,0.05,4,0,1.25,1,0.9078,0.9284
20,2x3,poisson,RNK,0.05,4,0,1.25,1,0.7484,0.8918
20,2x3,poisson,ART,0.05,4,0,1.25,1,0.9966,0.9988
20,2x3,poisson,INT,0.05,4,0,1.25,1,0.8422,0.9222
20,2x3,poisson,PAR,0.01,4,0,1.25,1,0.7832,0.816
20,2x3,poisson,RNK,0.01,4,0,1.25,1,0.5382,0.7478
20,2x3,poisson,ART,0.01,4,0,1.25,1,0.9862,0.9928
20,2x3,poisson,INT,0.01,4,0,1.25,1,0.6552,0.7962
20,2x3,poisson,PAR,0.05,8,0,1.25,1,0.9212,0.9212
20,2x3,poisson,RNK,0.05,8,0,1.25,1,0.9102,0.9122
20,2x3,poisson,ART,0.05,8,0,1.25,1,0.9998,0.9994
20,2x3,poisson,INT,0.05,8,0,1.25,1,0.9198,0.921
20,2x3,poisson,PAR,0.01,8,0,1.25,1,0.8076,0.8074
20,2x3,poisson,RNK,0.01,8,0,1.25,1,0.7808,0.784
20,2x3,poisson,ART,0.01,8,0,1.25,1,0.997,0.9968
20,2x3,poisson,INT,0.01,8,0,1.25,1,0.8,0.8024
20,2x3,likert,PAR,0.05,0,0.5,0,0.048,0.397,0.0492
20,2x3,likert,RNK,0.05,0,0.5,0,0.0486,0.4102,0.0486
20,2x3,likert,ART,0.05,0,0.5,0,0.1244,0.4076,0.0842
20,2x3,likert,INT,0.05,0,0.5,0,0.0476,0.4096,0.049
20,2x3,likert,PAR,0.01,0,0.5,0,0.0104,0.195,0.009
20,2x3,likert,RNK,0.01,0,0.5,0,0.01,0.2004,0.0088
20,2x3,likert,ART,0.01,0,0.5,0,0.0484,0.2034,0.0236
20,2x3,likert,INT,0.01,0,0.5,0,0.01,0.203,0.011
20,2x3,likert,PAR,0.05,0.5,0.5,0,0.6126,0.374,0.0462
20,2x3,likert,RNK,0.05,0.5,0.5,0,0.6238,0.3858,0.0508
20,2x3,likert,ART,0.05,0.5,0.5,0,0.6092,0.4004,0.1002
20,2x3,likert,INT,0.05,0.5,0.5,0,0.631,0.391,0.0474
20,2x3,likert,PAR,0.01,0.5,0.5,0,0.372,0.179,0.008
20,2x3,likert,RNK,0.01,0.5,0.5,0,0.3828,0.1854,0.0076
20,2x3,likert,ART,0.01,0.5,0.5,0,0.4098,0.2034,0.0296
20,2x3,likert,INT,0.01,0.5,0.5,0,0.387,0.1836,0.007
20,2x3,likert,PAR,0.05,1,0.5,0,0.9874,0.3748,0.059
20,2x3,likert,RNK,0.05,1,0.5,0,0.9896,0.3884,0.0558
20,2x3,likert,ART,0.05,1,0.5,0,0.9618,0.4388,0.1228
20,2x3,likert,INT,0.05,1,0.5,0,0.9902,0.3924,0.054
20,2x3,likert,PAR,0.01,1,0.5,0,0.9516,0.1784,0.0134
20,2x3,likert,RNK,0.01,1,0.5,0,0.9604,0.184,0.013
20,2x3,likert,ART,0.01,1,0.5,0,0.915,0.2312,0.0424
20,2x3,likert,INT,0.01,1,0.5,0,0.9616,0.1916,0.0124
20,2x3,likert,PAR,0.05,2,0.5,0,0.9998,0.343,0.0816
20,2x3,likert,RNK,0.05,2,0.5,0,1,0.3522,0.068
20,2x3,likert,ART,0.05,2,0.5,0,0.9918,0.4798,0.229
20,2x3,likert,INT,0.05,2,0.5,0,1,0.3616,0.0638
20,2x3,likert,PAR,0.01,2,0.5,0,0.999,0.1578,0.0222
20,2x3,likert,RNK,0.01,2,0.5,0,0.9992,0.1634,0.0176
20,2x3,likert,ART,0.01,2,0.5,0,0.9876,0.2838,0.1088
20,2x3,likert,INT,0.01,2,0.5,0,0.9992,0.168,0.0178
20,2x3,likert,PAR,0.05,4,0.5,0,0.9982,0.2782,0.1058
20,2x3,likert,RNK,0.05,4,0.5,0,0.9984,0.284,0.0918
20,2x3,likert,ART,0.05,4,0.5,0,0.9906,0.5032,0.3464
20,2x3,likert,INT,0.05,4,0.5,0,0.9984,0.284,0.086
20,2x3,likert,PAR,0.01,4,0.5,0,0.9952,0.1178,0.0332
20,2x3,likert,RNK,0.01,4,0.5,0,0.996,0.119,0.0274
20,2x3,likert,ART,0.01,4,0.5,0,0.989,0.3056,0.2038
20,2x3,likert,INT,0.01,4,0.5,0,0.996,0.1194,0.0276
20,2x3,likert,PAR,0.05,8,0.5,0,0.9876,0.188,0.1102
20,2x3,likert,RNK,0.05,8,0.5,0,0.9888,0.1912,0.129
20,2x3,likert,ART,0.05,8,0.5,0,0.9888,0.4534,0.442
20,2x3,likert,INT,0.05,8,0.5,0,0.993,0.1914,0.0996
20,2x3,likert,PAR,0.01,8,0.5,0,0.9832,0.0758,0.0344
20,2x3,likert,RNK,0.01,8,0.5,0,0.9844,0.0764,0.0334
20,2x3,likert,ART,0.01,8,0.5,0,0.9866,0.2428,0.2644
20,2x3,likert,INT,0.01,8,0.5,0,0.9886,0.0747,0.0327
20,2x3,likert,PAR,0.05,0,0,1.25,0.0498,0.0508,0.557
20,2x3,likert,RNK,0.05,0,0,1.25,0.0494,0.05,0.5662
20,2x3,likert,ART,0.05,0,0,1.25,0.1264,0.0714,0.5678
20,2x3,likert,INT,0.05,0,0,1.25,0.048,0.0494,0.5746
20,2x3,likert,PAR,0.01,0,0,1.25,0.0086,0.0088,0.3242
20,2x3,likert,RNK,0.01,0,0,1.25,0.009,0.0108,0.3388
20,2x3,likert,ART,0.01,0,0,1.25,0.052,0.015,0.3536
20,2x3,likert,INT,0.01,0,0,1.25,0.009,0.0102,0.3406
20,2x3,likert,PAR,0.05,0.5,0,1.25,0.6326,0.0478,0.5542
20,2x3,likert,RNK,0.05,0.5,0,1.25,0.6382,0.0478,0.5618
20,2x3,likert,ART,0.05,0.5,0,1.25,0.6236,0.0842,0.574
20,2x3,likert,INT,0.05,0.5,0,1.25,0.647,0.0458,0.569
20,2x3,likert,PAR,0.01,0.5,0,1.25,0.3746,0.01,0.3144
20,2x3,likert,RNK,0.01,0.5,0,1.25,0.3848,0.0088,0.3248
20,2x3,likert,ART,0.01,0.5,0,1.25,0.4246,0.0222,0.355
20,2x3,likert,INT,0.01,0.5,0,1.25,0.39,0.0092,0.3308
20,2x3,likert,PAR,0.05,1,0,1.25,0.9886,0.0686,0.5454
20,2x3,likert,RNK,0.05,1,0,1.25,0.9906,0.06,0.5544
20,2x3,likert,ART,0.05,1,0,1.25,0.9654,0.1348,0.5922
20,2x3,likert,INT,0.05,1,0,1.25,0.9904,0.0618,0.5608
20,2x3,likert,PAR,0.01,1,0,1.25,0.9496,0.0176,0.3068
20,2x3,likert,RNK,0.01,1,0,1.25,0.9588,0.0156,0.3112
20,2x3,likert,ART,0.01,1,0,1.25,0.9172,0.0494,0.3696
20,2x3,likert,INT,0.01,1,0,1.25,0.9608,0.0154,0.3178
20,2x3,likert,PAR,0.05,2,0,1.25,1,0.0952,0.4992
20,2x3,likert,RNK,0.05,2,0,1.25,1,0.0728,0.5132
20,2x3,likert,ART,0.05,2,0,1.25,0.994,0.2278,0.6234
20,2x3,likert,INT,0.05,2,0,1.25,1,0.0714,0.517
20,2x3,likert,PAR,0.01,2,0,1.25,0.9986,0.0318,0.2716
20,2x3,likert,RNK,0.01,2,0,1.25,0.9988,0.02,0.2774
20,2x3,likert,ART,0.01,2,0,1.25,0.9918,0.113,0.414
20,2x3,likert,INT,0.01,2,0,1.25,0.9988,0.022,0.2834
20,2x3,likert,PAR,0.05,4,0,1.25,0.9982,0.1458,0.4266
20,2x3,likert,RNK,0.05,4,0,1.25,0.9994,0.1226,0.436
20,2x3,likert,ART,0.05,4,0,1.25,0.9922,0.3588,0.6404
20,2x3,likert,INT,0.05,4,0,1.25,0.9994,0.119,0.4364
20,2x3,likert,PAR,0.01,4,0,1.25,0.9958,0.051,0.2034
20,2x3,likert,RNK,0.01,4,0,1.25,0.9966,0.0366,0.2086
20,2x3,likert,ART,0.01,4,0,1.25,0.9904,0.223,0.4318
20,2x3,likert,INT,0.01,4,0,1.25,0.9966,0.0368,0.2132
20,2x3,likert,PAR,0.05,8,0,1.25,0.9906,0.1342,0.276
20,2x3,likert,RNK,0.05,8,0,1.25,0.9912,0.129,0.2942
20,2x3,likert,ART,0.05,8,0,1.25,0.987,0.3896,0.5812
20,2x3,likert,INT,0.05,8,0,1.25,0.9938,0.1261,0.2697
20,2x3,likert,PAR,0.01,8,0,1.25,0.9858,0.052,0.1212
20,2x3,likert,RNK,0.01,8,0,1.25,0.9866,0.0488,0.1248
20,2x3,likert,ART,0.01,8,0,1.25,0.9844,0.2228,0.3882
20,2x3,likert,INT,0.01,8,0,1.25,0.9892,0.0485,0.1227
20,2x4,norm,PAR,0.05,0,0.5,0,0.0512,0.5242,0.0528
20,2x4,norm,RNK,0.05,0,0.5,0,0.0496,0.5008,0.0534
20,2x4,norm,ART,0.05,0,0.5,0,0.0498,0.4996,0.0546
20,2x4,norm,INT,0.05,0,0.5,0,0.0498,0.5164,0.0524
20,2x4,norm,PAR,0.01,0,0.5,0,0.0094,0.2796,0.0122
20,2x4,norm,RNK,0.01,0,0.5,0,0.0094,0.2616,0.0126
20,2x4,norm,ART,0.01,0,0.5,0,0.0096,0.2628,0.0124
20,2x4,norm,INT,0.01,0,0.5,0,0.0094,0.277,0.0114
20,2x4,norm,PAR,0.05,0.5,0.5,0,0.7396,0.5174,0.0524
20,2x4,norm,RNK,0.05,0.5,0.5,0,0.7248,0.4924,0.0532
20,2x4,norm,ART,0.05,0.5,0.5,0,0.7262,0.4914,0.052
20,2x4,norm,INT,0.05,0.5,0.5,0,0.7398,0.5148,0.052
20,2x4,norm,PAR,0.01,0.5,0.5,0,0.5,0.2726,0.0128
20,2x4,norm,RNK,0.01,0.5,0.5,0,0.4842,0.2528,0.0124
20,2x4,norm,ART,0.01,0.5,0.5,0,0.4854,0.2566,0.0122
20,2x4,norm,INT,0.01,0.5,0.5,0,0.4972,0.2678,0.0116
20,2x4,norm,PAR,0.05,1,0.5,0,0.9986,0.5298,0.049
20,2x4,norm,RNK,0.05,1,0.5,0,0.9982,0.5038,0.0482
20,2x4,norm,ART,0.05,1,0.5,0,0.9984,0.508,0.0484
20,2x4,norm,INT,0.05,1,0.5,0,0.9988,0.524,0.0454
20,2x4,norm,PAR,0.01,1,0.5,0,0.9888,0.2856,0.011
20,2x4,norm,RNK,0.01,1,0.5,0,0.9886,0.266,0.0106
20,2x4,norm,ART,0.01,1,0.5,0,0.9884,0.2772,0.0112
20,2x4,norm,INT,0.01,1,0.5,0,0.9886,0.2826,0.0102
20,2x4,norm,PAR,0.05,2,0.5,0,1,0.511,0.0484
20,2x4,norm,RNK,0.05,2,0.5,0,1,0.4918,0.0494
20,2x4,norm,ART,0.05,2,0.5,0,1,0.4888,0.047
20,2x4,norm,INT,0.05,2,0.5,0,1,0.5006,0.0452
20,2x4,norm,PAR,0.01,2,0.5,0,1,0.2738,0.0064
20,2x4,norm,RNK,0.01,2,0.5,0,1,0.2574,0.0068
20,2x4,norm,ART,0.01,2,0.5,0,1,0.2608,0.0074
20,2x4,norm,INT,0.01,2,0.5,0,1,0.2618,0.0066
20,2x4,norm,PAR,0.05,4,0.5,0,1,0.5186,0.0542
20,2x4,norm,RNK,0.05,4,0.5,0,1,0.499,0.053
20,2x4,norm,ART,0.05,4,0.5,0,1,0.4964,0.0532
20,2x4,norm,INT,0.05,4,0.5,0,1,0.4808,0.0498
20,2x4,norm,PAR,0.01,4,0.5,0,1,0.2902,0.0114
20,2x4,norm,RNK,0.01,4,0.5,0,1,0.274,0.0118
20,2x4,norm,ART,0.01,4,0.5,0,1,0.2808,0.0114
20,2x4,norm,INT,0.01,4,0.5,0,1,0.2564,0.0084
20,2x4,norm,PAR,0.05,8,0.5,0,1,0.5254,0.0502
20,2x4,norm,RNK,0.05,8,0.5,0,1,0.489,0.0482
20,2x4,norm,ART,0.05,8,0.5,0,1,0.4884,0.0484
20,2x4,norm,INT,0.05,8,0.5,0,1,0.4856,0.0474
20,2x4,norm,PAR,0.01,8,0.5,0,1,0.2778,0.01
20,2x4,norm,RNK,0.01,8,0.5,0,1,0.263,0.0096
20,2x4,norm,ART,0.01,8,0.5,0,1,0.2632,0.011
20,2x4,norm,INT,0.01,8,0.5,0,1,0.252,0.009
20,2x4,norm,PAR,0.05,0,0,1.25,0.0516,0.054,0.7214
20,2x4,norm,RNK,0.05,0,0,1.25,0.05,0.0516,0.6994
20,2x4,norm,ART,0.05,0,0,1.25,0.051,0.0526,0.7048
20,2x4,norm,INT,0.05,0,0,1.25,0.05,0.054,0.7192
20,2x4,norm,PAR,0.01,0,0,1.25,0.011,0.0094,0.494
20,2x4,norm,RNK,0.01,0,0,1.25,0.0114,0.0088,0.4688
20,2x4,norm,ART,0.01,0,0,1.25,0.0104,0.0096,0.4696
20,2x4,norm,INT,0.01,0,0,1.25,0.01,0.0098,0.4864
20,2x4,norm,PAR,0.05,0.5,0,1.25,0.7488,0.0512,0.7244
20,2x4,norm,RNK,0.05,0.5,0,1.25,0.7328,0.0544,0.7062
20,2x4,norm,ART,0.05,0.5,0,1.25,0.7336,0.0542,0.7074
20,2x4,norm,INT,0.05,0.5,0,1.25,0.746,0.0512,0.7204
20,2x4,norm,PAR,0.01,0.5,0,1.25,0.5004,0.011,0.496
20,2x4,norm,RNK,0.01,0.5,0,1.25,0.4882,0.0114,0.4656
20,2x4,norm,ART,0.01,0.5,0,1.25,0.4908,0.0106,0.4676
20,2x4,norm,INT,0.01,0.5,0,1.25,0.4998,0.0104,0.4904
20,2x4,norm,PAR,0.05,1,0,1.25,0.9986,0.0552,0.7206
20,2x4,norm,RNK,0.05,1,0,1.25,0.9984,0.0556,0.6914
20,2x4,norm,ART,0.05,1,0,1.25,0.9986,0.0588,0.6968
20,2x4,norm,INT,0.05,1,0,1.25,0.9986,0.0548,0.7158
20,2x4,norm,PAR,0.01,1,0,1.25,0.9902,0.0102,0.4874
20,2x4,norm,RNK,0.01,1,0,1.25,0.9886,0.0096,0.4574
20,2x4,norm,ART,0.01,1,0,1.25,0.9894,0.011,0.4588
20,2x4,norm,INT,0.01,1,0,1.25,0.9898,0.0106,0.4812
20,2x4,norm,PAR,0.05,2,0,1.25,1,0.052,0.7132
20,2x4,norm,RNK,0.05,2,0,1.25,1,0.0496,0.6826
20,2x4,norm,ART,0.05,2,0,1.25,1,0.0494,0.6902
20,2x4,norm,INT,0.05,2,0,1.25,1,0.0458,0.6998
20,2x4,norm,PAR,0.01,2,0,1.25,1,0.0114,0.4788
20,2x4,norm,RNK,0.01,2,0,1.25,1,0.0116,0.4486
20,2x4,norm,ART,0.01,2,0,1.25,1,0.0118,0.46
20,2x4,norm,INT,0.01,2,0,1.25,1,0.0112,0.4692
20,2x4,norm,PAR,0.05,4,0,1.25,1,0.0522,0.7274
20,2x4,norm,RNK,0.05,4,0,1.25,1,0.049,0.7026
20,2x4,norm,ART,0.05,4,0,1.25,1,0.0524,0.7036
20,2x4,norm,INT,0.05,4,0,1.25,1,0.0488,0.6898
20,2x4,norm,PAR,0.01,4,0,1.25,1,0.0112,0.5058
20,2x4,norm,RNK,0.01,4,0,1.25,1,0.0118,0.487
20,2x4,norm,ART,0.01,4,0,1.25,1,0.0102,0.4858
20,2x4,norm,INT,0.01,4,0,1.25,1,0.0106,0.4632
20,2x4,norm,PAR,0.05,8,0,1.25,1,0.0488,0.7202
20,2x4,norm,RNK,0.05,8,0,1.25,1,0.052,0.6908
20,2x4,norm,ART,0.05,8,0,1.25,1,0.054,0.697
20,2x4,norm,INT,0.05,8,0,1.25,1,0.0466,0.6782
20,2x4,norm,PAR,0.01,8,0,1.25,1,0.012,0.4864
20,2x4,norm,RNK,0.01,8,0,1.25,1,0.0104,0.4612
20,2x4,norm,ART,0.01,8,0,1.25,1,0.0102,0.4674
20,2x4,norm,INT,0.01,8,0,1.25,1,0.008,0.4354
20,2x4,lnorm,PAR,0.05,0,0.5,0,0.0414,0.295,0.044
20,2x4,lnorm,RNK,0.05,0,0.5,0,0.046,0.4956,0.051
20,2x4,lnorm,ART,0.05,0,0.5,0,0.0786,0.4742,0.0734
20,2x4,lnorm,INT,0.05,0,0.5,0,0.0468,0.5102,0.0508
20,2x4,lnorm,PAR,0.01,0,0.5,0,0.0058,0.1092,0.0066
20,2x4,lnorm,RNK,0.01,0,0.5,0,0.01,0.2664,0.0102
20,2x4,lnorm,ART,0.01,0,0.5,0,0.0216,0.2396,0.0224
20,2x4,lnorm,INT,0.01,0,0.5,0,0.0094,0.277,0.012
20,2x4,lnorm,PAR,0.05,0.5,0.5,0,0.5584,0.282,0.0496
20,2x4,lnorm,RNK,0.05,0.5,0.5,0,0.7294,0.4922,0.0498
20,2x4,lnorm,ART,0.05,0.5,0.5,0,0.7192,0.5002,0.1394
20,2x4,lnorm,INT,0.05,0.5,0.5,0,0.7388,0.5122,0.05
20,2x4,lnorm,PAR,0.01,0.5,0.5,0,0.2806,0.1088,0.009
20,2x4,lnorm,RNK,0.01,0.5,0.5,0,0.4848,0.2608,0.01
20,2x4,lnorm,ART,0.01,0.5,0.5,0,0.493,0.2674,0.0486
20,2x4,lnorm,INT,0.01,0.5,0.5,0,0.4992,0.2734,0.01
20,2x4,lnorm,PAR,0.05,1,0.5,0,0.9702,0.2596,0.0742
20,2x4,lnorm,RNK,0.05,1,0.5,0,0.9986,0.496,0.0472
20,2x4,lnorm,ART,0.05,1,0.5,0,0.9962,0.6036,0.3112
20,2x4,lnorm,INT,0.05,1,0.5,0,0.999,0.5154,0.0464
20,2x4,lnorm,PAR,0.01,1,0.5,0,0.8768,0.0982,0.0188
20,2x4,lnorm,RNK,0.01,1,0.5,0,0.9872,0.2606,0.0086
20,2x4,lnorm,ART,0.01,1,0.5,0,0.9792,0.3652,0.1516
20,2x4,lnorm,INT,0.01,1,0.5,0,0.9892,0.2794,0.0088
20,2x4,lnorm,PAR,0.05,2,0.5,0,0.9994,0.217,0.1238
20,2x4,lnorm,RNK,0.05,2,0.5,0,1,0.5008,0.0474
20,2x4,lnorm,ART,0.05,2,0.5,0,1,0.824,0.7278
20,2x4,lnorm,INT,0.05,2,0.5,0,1,0.521,0.0472
20,2x4,lnorm,PAR,0.01,2,0.5,0,0.9942,0.076,0.0362
20,2x4,lnorm,RNK,0.01,2,0.5,0,1,0.2726,0.009
20,2x4,lnorm,ART,0.01,2,0.5,0,1,0.64,0.5072
20,2x4,lnorm,INT,0.01,2,0.5,0,1,0.2804,0.0092
20,2x4,lnorm,PAR,0.05,4,0.5,0,1,0.1606,0.146
20,2x4,lnorm,RNK,0.05,4,0.5,0,1,0.5022,0.0456
20,2x4,lnorm,ART,0.05,4,0.5,0,1,0.9732,0.9692
20,2x4,lnorm,INT,0.05,4,0.5,0,1,0.4758,0.0428
20,2x4,lnorm,PAR,0.01,4,0.5,0,0.9974,0.0488,0.0442
20,2x4,lnorm,RNK,0.01,4,0.5,0,1,0.2692,0.0088
20,2x4,lnorm,ART,0.01,4,0.5,0,1,0.8872,0.8838
20,2x4,lnorm,INT,0.01,4,0.5,0,1,0.25,0.009
20,2x4,lnorm,PAR,0.05,8,0.5,0,0.9996,0.1656,0.165
20,2x4,lnorm,RNK,0.05,8,0.5,0,1,0.493,0.0478
20,2x4,lnorm,ART,0.05,8,0.5,0,1,0.9858,0.9866
20,2x4,lnorm,INT,0.05,8,0.5,0,1,0.4712,0.047
20,2x4,lnorm,PAR,0.01,8,0.5,0,0.9948,0.0462,0.0462
20,2x4,lnorm,RNK,0.01,8,0.5,0,1,0.2696,0.0092
20,2x4,lnorm,ART,0.01,8,0.5,0,1,0.9244,0.9264
20,2x4,lnorm,INT,0.01,8,0.5,0,1,0.2458,0.008
20,2x4,lnorm,PAR,0.05,0,0,1.25,0.0424,0.0392,0.475
20,2x4,lnorm,RNK,0.05,0,0,1.25,0.0518,0.0526,0.7186
20,2x4,lnorm,ART,0.05,0,0,1.25,0.0916,0.0896,0.6946
20,2x4,lnorm,INT,0.05,0,0,1.25,0.0502,0.0504,0.7378
20,2x4,lnorm,PAR,0.01,0,0,1.25,0.0052,0.0068,0.2264
20,2x4,lnorm,RNK,0.01,0,0,1.25,0.01,0.0104,0.4878
20,2x4,lnorm,ART,0.01,0,0,1.25,0.0306,0.0228,0.4726
20,2x4,lnorm,INT,0.01,0,0,1.25,0.0112,0.0094,0.512
20,2x4,lnorm,PAR,0.05,0.5,0,1.25,0.5394,0.0542,0.4446
20,2x4,lnorm,RNK,0.05,0.5,0,1.25,0.7242,0.0464,0.7002
20,2x4,lnorm,ART,0.05,0.5,0,1.25,0.7134,0.1592,0.6966
20,2x4,lnorm,INT,0.05,0.5,0,1.25,0.7356,0.0466,0.7206
20,2x4,lnorm,PAR,0.01,0.5,0,1.25,0.277,0.0116,0.2134
20,2x4,lnorm,RNK,0.01,0.5,0,1.25,0.4884,0.0106,0.4694
20,2x4,lnorm,ART,0.01,0.5,0,1.25,0.5042,0.0524,0.4906
20,2x4,lnorm,INT,0.01,0.5,0,1.25,0.5026,0.011,0.487
20,2x4,lnorm,PAR,0.05,1,0,1.25,0.969,0.0908,0.413
20,2x4,lnorm,RNK,0.05,1,0,1.25,0.9976,0.046,0.6962
20,2x4,lnorm,ART,0.05,1,0,1.25,0.9964,0.3506,0.7686
20,2x4,lnorm,INT,0.05,1,0,1.25,0.9982,0.0428,0.7224
20,2x4,lnorm,PAR,0.01,1,0,1.25,0.8672,0.0242,0.1832
20,2x4,lnorm,RNK,0.01,1,0,1.25,0.987,0.009,0.4692
20,2x4,lnorm,ART,0.01,1,0,1.25,0.9828,0.162,0.574
20,2x4,lnorm,INT,0.01,1,0,1.25,0.9874,0.0076,0.4908
20,2x4,lnorm,PAR,0.05,2,0,1.25,0.999,0.1686,0.3214
20,2x4,lnorm,RNK,0.05,2,0,1.25,1,0.0462,0.711
20,2x4,lnorm,ART,0.05,2,0,1.25,1,0.7964,0.9146
20,2x4,lnorm,INT,0.05,2,0,1.25,1,0.0446,0.7262
20,2x4,lnorm,PAR,0.01,2,0,1.25,0.9924,0.0538,0.1246
20,2x4,lnorm,RNK,0.01,2,0,1.25,1,0.0084,0.4804
20,2x4,lnorm,ART,0.01,2,0,1.25,1,0.5798,0.7928
20,2x4,lnorm,INT,0.01,2,0,1.25,1,0.008,0.5024
20,2x4,lnorm,PAR,0.05,4,0,1.25,0.9994,0.2278,0.2468
20,2x4,lnorm,RNK,0.05,4,0,1.25,1,0.0498,0.6986
20,2x4,lnorm,ART,0.05,4,0,1.25,1,0.979,0.9838
20,2x4,lnorm,INT,0.05,4,0,1.25,1,0.0456,0.691
20,2x4,lnorm,PAR,0.01,4,0,1.25,0.9966,0.0774,0.089
20,2x4,lnorm,RNK,0.01,4,0,1.25,1,0.0124,0.4666
20,2x4,lnorm,ART,0.01,4,0,1.25,1,0.915,0.9336
20,2x4,lnorm,INT,0.01,4,0,1.25,1,0.0098,0.4404
20,2x4,lnorm,PAR,0.05,8,0,1.25,1,0.237,0.2374
20,2x4,lnorm,RNK,0.05,8,0,1.25,1,0.0528,0.7068
20,2x4,lnorm,ART,0.05,8,0,1.25,1,0.9938,0.9942
20,2x4,lnorm,INT,0.05,8,0,1.25,1,0.0518,0.6884
20,2x4,lnorm,PAR,0.01,8,0,1.25,0.9978,0.083,0.0834
20,2x4,lnorm,RNK,0.01,8,0,1.25,1,0.0088,0.4738
20,2x4,lnorm,ART,0.01,8,0,1.25,1,0.9558,0.9602
20,2x4,lnorm,INT,0.01,8,0,1.25,1,0.0084,0.4432
20,2x4,exp,PAR,0.05,0,0.5,0,0.0482,0.4504,0.0494
20,2x4,exp,RNK,0.05,0,0.5,0,0.0522,0.3902,0.0524
20,2x4,exp,ART,0.05,0,0.5,0,0.0622,0.405,0.0662
20,2x4,exp,INT,0.05,0,0.5,0,0.0508,0.4104,0.055
20,2x4,exp,PAR,0.01,0,0.5,0,0.0094,0.2104,0.0094
20,2x4,exp,RNK,0.01,0,0.5,0,0.0108,0.1842,0.0098
20,2x4,exp,ART,0.01,0,0.5,0,0.0142,0.195,0.0132
20,2x4,exp,INT,0.01,0,0.5,0,0.0114,0.1912,0.0104
20,2x4,exp,PAR,0.05,0.5,0.5,0,0.6834,0.4246,0.0624
20,2x4,exp,RNK,0.05,0.5,0.5,0,0.642,0.3826,0.053
20,2x4,exp,ART,0.05,0.5,0.5,0,0.681,0.4548,0.1222
20,2x4,exp,INT,0.05,0.5,0.5,0,0.66,0.4014,0.054
20,2x4,exp,PAR,0.01,0.5,0.5,0,0.4136,0.2004,0.0136
20,2x4,exp,RNK,0.01,0.5,0.5,0,0.388,0.1824,0.0084
20,2x4,exp,ART,0.01,0.5,0.5,0,0.4498,0.2406,0.0408
20,2x4,exp,INT,0.01,0.5,0.5,0,0.404,0.1906,0.0086
20,2x4,exp,PAR,0.05,1,0.5,0,0.9944,0.3744,0.097
20,2x4,exp,RNK,0.05,1,0.5,0,0.9926,0.3766,0.0564
20,2x4,exp,ART,0.05,1,0.5,0,0.9934,0.5898,0.2912
20,2x4,exp,INT,0.05,1,0.5,0,0.9936,0.39,0.0582
20,2x4,exp,PAR,0.01,1,0.5,0,0.9644,0.1686,0.0278
20,2x4,exp,RNK,0.01,1,0.5,0,0.9676,0.174,0.0092
20,2x4,exp,ART,0.01,1,0.5,0,0.9738,0.37,0.133
20,2x4,exp,INT,0.01,1,0.5,0,0.9698,0.1846,0.0098
20,2x4,exp,PAR,0.05,2,0.5,0,1,0.2782,0.154
20,2x4,exp,RNK,0.05,2,0.5,0,1,0.3586,0.0498
20,2x4,exp,ART,0.05,2,0.5,0,1,0.8378,0.7158
20,2x4,exp,INT,0.05,2,0.5,0,1,0.3688,0.0516
20,2x4,exp,PAR,0.01,2,0.5,0,0.9998,0.1096,0.0508
20,2x4,exp,RNK,0.01,2,0.5,0,1,0.157,0.0094
20,2x4,exp,ART,0.01,2,0.5,0,1,0.6686,0.5108
20,2x4,exp,INT,0.01,2,0.5,0,1,0.1624,0.01
20,2x4,exp,PAR,0.05,4,0.5,0,1,0.2244,0.2084
20,2x4,exp,RNK,0.05,4,0.5,0,1,0.3688,0.0468
20,2x4,exp,ART,0.05,4,0.5,0,1,0.9814,0.9806
20,2x4,exp,INT,0.05,4,0.5,0,1,0.3734,0.0438
20,2x4,exp,PAR,0.01,4,0.5,0,0.9998,0.0836,0.0756
20,2x4,exp,RNK,0.01,4,0.5,0,1,0.1722,0.0074
20,2x4,exp,ART,0.01,4,0.5,0,1,0.9152,0.914
20,2x4,exp,INT,0.01,4,0.5,0,1,0.17,0.0082
20,2x4,exp,PAR,0.05,8,0.5,0,1,0.24,0.2396
20,2x4,exp,RNK,0.05,8,0.5,0,1,0.3992,0.0546
20,2x4,exp,ART,0.05,8,0.5,0,1,0.9952,0.9952
20,2x4,exp,INT,0.05,8,0.5,0,1,0.3834,0.0564
20,2x4,exp,PAR,0.01,8,0.5,0,1,0.0876,0.0876
20,2x4,exp,RNK,0.01,8,0.5,0,1,0.19,0.012
20,2x4,exp,ART,0.01,8,0.5,0,1,0.9574,0.9578
20,2x4,exp,INT,0.01,8,0.5,0,1,0.1844,0.0118
20,2x4,exp,PAR,0.05,0,0,1.25,0.0502,0.0534,0.645
20,2x4,exp,RNK,0.05,0,0,1.25,0.0518,0.053,0.5732
20,2x4,exp,ART,0.05,0,0,1.25,0.0748,0.0916,0.614
20,2x4,exp,INT,0.05,0,0,1.25,0.0498,0.0552,0.5928
20,2x4,exp,PAR,0.01,0,0,1.25,0.0088,0.009,0.3898
20,2x4,exp,RNK,0.01,0,0,1.25,0.0122,0.0112,0.3442
20,2x4,exp,ART,0.01,0,0,1.25,0.0194,0.025,0.385
20,2x4,exp,INT,0.01,0,0,1.25,0.0132,0.0118,0.3534
20,2x4,exp,PAR,0.05,0.5,0,1.25,0.6744,0.0728,0.6202
20,2x4,exp,RNK,0.05,0.5,0,1.25,0.6328,0.051,0.5702
20,2x4,exp,ART,0.05,0.5,0,1.25,0.675,0.149,0.635
20,2x4,exp,INT,0.05,0.5,0,1.25,0.646,0.0498,0.5862
20,2x4,exp,PAR,0.01,0.5,0,1.25,0.409,0.018,0.3616
20,2x4,exp,RNK,0.01,0.5,0,1.25,0.3804,0.0116,0.3332
20,2x4,exp,ART,0.01,0.5,0,1.25,0.442,0.0508,0.421
20,2x4,exp,INT,0.01,0.5,0,1.25,0.3896,0.0112,0.3512
20,2x4,exp,PAR,0.05,1,0,1.25,0.9946,0.1388,0.5686
20,2x4,exp,RNK,0.05,1,0,1.25,0.995,0.046,0.555
20,2x4,exp,ART,0.05,1,0,1.25,0.994,0.345,0.7374
20,2x4,exp,INT,0.05,1,0,1.25,0.9954,0.0522,0.5716
20,2x4,exp,PAR,0.01,1,0,1.25,0.9592,0.036,0.304
20,2x4,exp,RNK,0.01,1,0,1.25,0.9672,0.0098,0.3184
20,2x4,exp,ART,0.01,1,0,1.25,0.9778,0.167,0.549
20,2x4,exp,INT,0.01,1,0,1.25,0.9694,0.01,0.3312
20,2x4,exp,PAR,0.05,2,0,1.25,1,0.2384,0.426
20,2x4,exp,RNK,0.05,2,0,1.25,1,0.0444,0.5302
20,2x4,exp,ART,0.05,2,0,1.25,1,0.7806,0.9106
20,2x4,exp,INT,0.05,2,0,1.25,1,0.0494,0.551
20,2x4,exp,PAR,0.01,2,0,1.25,0.9994,0.091,0.2038
20,2x4,exp,RNK,0.01,2,0,1.25,1,0.0072,0.2956
20,2x4,exp,ART,0.01,2,0,1.25,1,0.5912,0.793
20,2x4,exp,INT,0.01,2,0,1.25,1,0.007,0.3078
20,2x4,exp,PAR,0.05,4,0,1.25,1,0.3318,0.3588
20,2x4,exp,RNK,0.05,4,0,1.25,1,0.0488,0.5418
20,2x4,exp,ART,0.05,4,0,1.25,1,0.9914,0.9934
20,2x4,exp,INT,0.05,4,0,1.25,1,0.0522,0.5416
20,2x4,exp,PAR,0.01,4,0,1.25,0.9998,0.1266,0.1428
20,2x4,exp,RNK,0.01,4,0,1.25,1,0.0118,0.2996
20,2x4,exp,ART,0.01,4,0,1.25,1,0.9438,0.9498
20,2x4,exp,INT,0.01,4,0,1.25,1,0.011,0.3066
20,2x4,exp,PAR,0.05,8,0,1.25,1,0.3508,0.351
20,2x4,exp,RNK,0.05,8,0,1.25,1,0.0476,0.5804
20,2x4,exp,ART,0.05,8,0,1.25,1,0.9974,0.9978
20,2x4,exp,INT,0.05,8,0,1.25,1,0.0494,0.5614
20,2x4,exp,PAR,0.01,8,0,1.25,1,0.1538,0.1538
20,2x4,exp,RNK,0.01,8,0,1.25,1,0.0098,0.3488
20,2x4,exp,ART,0.01,8,0,1.25,1,0.9704,0.9704
20,2x4,exp,INT,0.01,8,0,1.25,1,0.0096,0.3312
20,2x4,binom,PAR,0.05,0,0.5,0,0.05,0.4678,0.0492
20,2x4,binom,RNK,0.05,0,0.5,0,0.0492,0.4312,0.0498
20,2x4,binom,ART,0.05,0,0.5,0,0.0838,0.4362,0.0708
20,2x4,binom,INT,0.05,0,0.5,0,0.0508,0.4614,0.0478
20,2x4,binom,PAR,0.01,0,0.5,0,0.0102,0.2404,0.0092
20,2x4,binom,RNK,0.01,0,0.5,0,0.0104,0.2224,0.0084
20,2x4,binom,ART,0.01,0,0.5,0,0.0254,0.2222,0.0142
20,2x4,binom,INT,0.01,0,0.5,0,0.0104,0.2382,0.0088
20,2x4,binom,PAR,0.05,0.5,0.5,0,0.7004,0.4654,0.0662
20,2x4,binom,RNK,0.05,0.5,0.5,0,0.6762,0.426,0.0552
20,2x4,binom,ART,0.05,0.5,0.5,0,0.6804,0.4696,0.105
20,2x4,binom,INT,0.05,0.5,0.5,0,0.6984,0.456,0.0562
20,2x4,binom,PAR,0.01,0.5,0.5,0,0.4382,0.2432,0.017
20,2x4,binom,RNK,0.01,0.5,0.5,0,0.4242,0.2186,0.0124
20,2x4,binom,ART,0.01,0.5,0.5,0,0.456,0.2538,0.0292
20,2x4,binom,INT,0.01,0.5,0.5,0,0.4414,0.2394,0.0132
20,2x4,binom,PAR,0.05,1,0.5,0,0.9958,0.4428,0.0962
20,2x4,binom,RNK,0.05,1,0.5,0,0.9944,0.3996,0.0634
20,2x4,binom,ART,0.05,1,0.5,0,0.9924,0.5426,0.1846
20,2x4,binom,INT,0.05,1,0.5,0,0.9954,0.4346,0.0796
20,2x4,binom,PAR,0.01,1,0.5,0,0.9762,0.2198,0.0246
20,2x4,binom,RNK,0.01,1,0.5,0,0.9752,0.1916,0.0124
20,2x4,binom,ART,0.01,1,0.5,0,0.9678,0.3066,0.064
20,2x4,binom,INT,0.01,1,0.5,0,0.9766,0.2168,0.0162
20,2x4,binom,PAR,0.05,2,0.5,0,1,0.4376,0.2212
20,2x4,binom,RNK,0.05,2,0.5,0,1,0.3724,0.1174
20,2x4,binom,ART,0.05,2,0.5,0,1,0.7756,0.5724
20,2x4,binom,INT,0.05,2,0.5,0,1,0.4184,0.1694
20,2x4,binom,PAR,0.01,2,0.5,0,1,0.2148,0.0868
20,2x4,binom,RNK,0.01,2,0.5,0,1,0.1678,0.0318
20,2x4,binom,ART,0.01,2,0.5,0,1,0.5738,0.3388
20,2x4,binom,INT,0.01,2,0.5,0,1,0.1998,0.058
20,2x4,binom,PAR,0.05,4,0.5,0,1,0.4154,0.38
20,2x4,binom,RNK,0.05,4,0.5,0,1,0.3364,0.2616
20,2x4,binom,ART,0.05,4,0.5,0,1,0.9754,0.9628
20,2x4,binom,INT,0.05,4,0.5,0,1,0.4018,0.3402
20,2x4,binom,PAR,0.01,4,0.5,0,1,0.2012,0.174
20,2x4,binom,RNK,0.01,4,0.5,0,1,0.157,0.1098
20,2x4,binom,ART,0.01,4,0.5,0,1,0.9114,0.8756
20,2x4,binom,INT,0.01,4,0.5,0,1,0.1936,0.1464
20,2x4,binom,PAR,0.05,8,0.5,0,1,0.4254,0.4246
20,2x4,binom,RNK,0.05,8,0.5,0,1,0.3526,0.3514
20,2x4,binom,ART,0.05,8,0.5,0,1,0.9948,0.99
20,2x4,binom,INT,0.05,8,0.5,0,1,0.4096,0.408
20,2x4,binom,PAR,0.01,8,0.5,0,1,0.218,0.218
20,2x4,binom,RNK,0.01,8,0.5,0,1,0.1656,0.164
20,2x4,binom,ART,0.01,8,0.5,0,1,0.9658,0.9546
20,2x4,binom,INT,0.01,8,0.5,0,1,0.2076,0.2068
20,2x4,binom,PAR,0.05,0,0,1.25,0.0508,0.053,0.679
20,2x4,binom,RNK,0.05,0,0,1.25,0.0488,0.0502,0.6376
20,2x4,binom,ART,0.05,0,0,1.25,0.0858,0.067,0.6496
20,2x4,binom,INT,0.05,0,0,1.25,0.0498,0.0498,0.6702
20,2x4,binom,PAR,0.01,0,0,1.25,0.0088,0.0126,0.4308
20,2x4,binom,RNK,0.01,0,0,1.25,0.0104,0.0118,0.394
20,2x4,binom,ART,0.01,0,0,1.25,0.0228,0.0176,0.4204
20,2x4,binom,INT,0.01,0,0,1.25,0.0096,0.0124,0.4226
20,2x4,binom,PAR,0.05,0.5,0,1.25,0.6888,0.072,0.6638
20,2x4,binom,RNK,0.05,0.5,0,1.25,0.6644,0.0566,0.6236
20,2x4,binom,ART,0.05,0.5,0,1.25,0.6798,0.1006,0.663
20,2x4,binom,INT,0.05,0.5,0,1.25,0.6834,0.0612,0.653
20,2x4,binom,PAR,0.01,0.5,0,1.25,0.4408,0.0164,0.4166
20,2x4,binom,RNK,0.01,0.5,0,1.25,0.4224,0.0142,0.3774
20,2x4,binom,ART,0.01,0.5,0,1.25,0.4664,0.0292,0.4278
20,2x4,binom,INT,0.01,0.5,0,1.25,0.4424,0.0154,0.4098
20,2x4,binom,PAR,0.05,1,0,1.25,0.9956,0.1248,0.6644
20,2x4,binom,RNK,0.05,1,0,1.25,0.9946,0.0712,0.6158
20,2x4,binom,ART,0.05,1,0,1.25,0.9916,0.2108,0.729
20,2x4,binom,INT,0.05,1,0,1.25,0.9952,0.0936,0.6534
20,2x4,binom,PAR,0.01,1,0,1.25,0.9754,0.0376,0.421
20,2x4,binom,RNK,0.01,1,0,1.25,0.9738,0.0142,0.3614
20,2x4,binom,ART,0.01,1,0,1.25,0.968,0.0814,0.5092
20,2x4,binom,INT,0.01,1,0,1.25,0.9762,0.0214,0.4066
20,2x4,binom,PAR,0.05,2,0,1.25,1,0.3262,0.6356
20,2x4,binom,RNK,0.05,2,0,1.25,1,0.1518,0.5424
20,2x4,binom,ART,0.05,2,0,1.25,1,0.6698,0.8834
20,2x4,binom,INT,0.05,2,0,1.25,1,0.2262,0.6146
20,2x4,binom,PAR,0.01,2,0,1.25,1,0.1468,0.4038
20,2x4,binom,RNK,0.01,2,0,1.25,1,0.056,0.312
20,2x4,binom,ART,0.01,2,0,1.25,1,0.442,0.7384
20,2x4,binom,INT,0.01,2,0,1.25,1,0.089,0.3736
20,2x4,binom,PAR,0.05,4,0,1.25,1,0.5584,0.619
20,2x4,binom,RNK,0.05,4,0,1.25,1,0.3986,0.5132
20,2x4,binom,ART,0.05,4,0,1.25,1,0.9866,0.9872
20,2x4,binom,INT,0.05,4,0,1.25,1,0.4984,0.5938
20,2x4,binom,PAR,0.01,4,0,1.25,1,0.3242,0.3822
20,2x4,binom,RNK,0.01,4,0,1.25,1,0.192,0.2772
20,2x4,binom,ART,0.01,4,0,1.25,1,0.9366,0.944
20,2x4,binom,INT,0.01,4,0,1.25,1,0.2694,0.3576
20,2x4,binom,PAR,0.05,8,0,1.25,1,0.6038,0.6046
20,2x4,binom,RNK,0.05,8,0,1.25,1,0.5134,0.516
20,2x4,binom,ART,0.05,8,0,1.25,1,0.9984,0.9968
20,2x4,binom,INT,0.05,8,0,1.25,1,0.582,0.5842
20,2x4,binom,PAR,0.01,8,0,1.25,1,0.3642,0.3654
20,2x4,binom,RNK,0.01,8,0,1.25,1,0.2796,0.2814
20,2x4,binom,ART,0.01,8,0,1.25,1,0.983,0.9762
20,2x4,binom,INT,0.01,8,0,1.25,1,0.342,0.3446
20,2x4,poisson,PAR,0.05,0,0.5,0,0.0452,0.9478,0.051
20,2x4,poisson,RNK,0.05,0,0.5,0,0.0426,0.9282,0.0466
20,2x4,poisson,ART,0.05,0,0.5,0,0.0506,0.9294,0.053
20,2x4,poisson,INT,0.05,0,0.5,0,0.044,0.9442,0.0472
20,2x4,poisson,PAR,0.01,0,0.5,0,0.0088,0.8478,0.0098
20,2x4,poisson,RNK,0.01,0,0.5,0,0.0102,0.8012,0.0082
20,2x4,poisson,ART,0.01,0,0.5,0,0.0104,0.8022,0.0108
20,2x4,poisson,INT,0.01,0,0.5,0,0.0094,0.8314,0.009
20,2x4,poisson,PAR,0.05,0.5,0.5,0,0.914,0.9414,0.1172
20,2x4,poisson,RNK,0.05,0.5,0.5,0,0.9098,0.9124,0.0572
20,2x4,poisson,ART,0.05,0.5,0.5,0,0.916,0.9272,0.144
20,2x4,poisson,INT,0.05,0.5,0.5,0,0.9138,0.9296,0.0674
20,2x4,poisson,PAR,0.01,0.5,0.5,0,0.7856,0.8386,0.0336
20,2x4,poisson,RNK,0.01,0.5,0.5,0,0.7926,0.7784,0.012
20,2x4,poisson,ART,0.01,0.5,0.5,0,0.8006,0.8102,0.0412
20,2x4,poisson,INT,0.01,0.5,0.5,0,0.796,0.8118,0.0144
20,2x4,poisson,PAR,0.05,1,0.5,0,0.9998,0.9456,0.3342
20,2x4,poisson,RNK,0.05,1,0.5,0,1,0.8966,0.0896
20,2x4,poisson,ART,0.05,1,0.5,0,1,0.946,0.4118
20,2x4,poisson,INT,0.05,1,0.5,0,1,0.922,0.1234
20,2x4,poisson,PAR,0.01,1,0.5,0,0.999,0.8412,0.1444
20,2x4,poisson,RNK,0.01,1,0.5,0,0.9996,0.7494,0.0248
20,2x4,poisson,ART,0.01,1,0.5,0,0.9996,0.855,0.2166
20,2x4,poisson,INT,0.01,1,0.5,0,0.9996,0.7988,0.0356
20,2x4,poisson,PAR,0.05,2,0.5,0,1,0.9462,0.7518
20,2x4,poisson,RNK,0.05,2,0.5,0,1,0.8424,0.2002
20,2x4,poisson,ART,0.05,2,0.5,0,1,0.985,0.893
20,2x4,poisson,INT,0.05,2,0.5,0,1,0.9014,0.3452
20,2x4,poisson,PAR,0.01,2,0.5,0,1,0.8394,0.534
20,2x4,poisson,RNK,0.01,2,0.5,0,1,0.6612,0.0682
20,2x4,poisson,ART,0.01,2,0.5,0,1,0.9444,0.7744
20,2x4,poisson,INT,0.01,2,0.5,0,1,0.7524,0.1484
20,2x4,poisson,PAR,0.05,4,0.5,0,1,0.9454,0.9286
20,2x4,poisson,RNK,0.05,4,0.5,0,1,0.8522,0.6806
20,2x4,poisson,ART,0.05,4,0.5,0,1,1,0.9994
20,2x4,poisson,INT,0.05,4,0.5,0,1,0.9148,0.8248
20,2x4,poisson,PAR,0.01,4,0.5,0,1,0.8392,0.8034
20,2x4,poisson,RNK,0.01,4,0.5,0,1,0.6614,0.4558
20,2x4,poisson,ART,0.01,4,0.5,0,1,0.9982,0.996
20,2x4,poisson,INT,0.01,4,0.5,0,1,0.7834,0.633
20,2x4,poisson,PAR,0.05,8,0.5,0,1,0.9488,0.9474
20,2x4,poisson,RNK,0.05,8,0.5,0,1,0.9068,0.9038
20,2x4,poisson,ART,0.05,8,0.5,0,1,1,1
20,2x4,poisson,INT,0.05,8,0.5,0,1,0.9382,0.9362
20,2x4,poisson,PAR,0.01,8,0.5,0,1,0.8306,0.8288
20,2x4,poisson,RNK,0.01,8,0.5,0,1,0.7614,0.7566
20,2x4,poisson,ART,0.01,8,0.5,0,1,1,1
20,2x4,poisson,INT,0.01,8,0.5,0,1,0.8106,0.8056
20,2x4,poisson,PAR,0.05,0,0,1.25,0.0488,0.0648,0.995
20,2x4,poisson,RNK,0.05,0,0,1.25,0.0524,0.0494,0.9898
20,2x4,poisson,ART,0.05,0,0,1.25,0.0576,0.0794,0.9888
20,2x4,poisson,INT,0.05,0,0,1.25,0.047,0.0518,0.9932
20,2x4,poisson,PAR,0.01,0,0,1.25,0.0092,0.0128,0.9768
20,2x4,poisson,RNK,0.01,0,0,1.25,0.0102,0.0096,0.9604
20,2x4,poisson,ART,0.01,0,0,1.25,0.0126,0.0178,0.9564
20,2x4,poisson,INT,0.01,0,0,1.25,0.0094,0.0094,0.9684
20,2x4,poisson,PAR,0.05,0.5,0,1.25,0.9114,0.1794,0.9938
20,2x4,poisson,RNK,0.05,0.5,0,1.25,0.9072,0.0664,0.988
20,2x4,poisson,ART,0.05,0.5,0,1.25,0.9148,0.2128,0.9896
20,2x4,poisson,INT,0.05,0.5,0,1.25,0.9128,0.0856,0.9918
20,2x4,poisson,PAR,0.01,0.5,0,1.25,0.7762,0.0668,0.9722
20,2x4,poisson,RNK,0.01,0.5,0,1.25,0.7798,0.0158,0.9482
20,2x4,poisson,ART,0.01,0.5,0,1.25,0.7946,0.0838,0.9606
20,2x4,poisson,INT,0.01,0.5,0,1.25,0.7828,0.0206,0.9624
20,2x4,poisson,PAR,0.05,1,0,1.25,1,0.4892,0.9938
20,2x4,poisson,RNK,0.05,1,0,1.25,1,0.102,0.9798
20,2x4,poisson,ART,0.05,1,0,1.25,1,0.5714,0.994
20,2x4,poisson,INT,0.05,1,0,1.25,1,0.1636,0.9894
20,2x4,poisson,PAR,0.01,1,0,1.25,0.9982,0.2708,0.974
20,2x4,poisson,RNK,0.01,1,0,1.25,0.9992,0.0242,0.9322
20,2x4,poisson,ART,0.01,1,0,1.25,0.999,0.3544,0.9714
20,2x4,poisson,INT,0.01,1,0,1.25,0.999,0.052,0.955
20,2x4,poisson,PAR,0.05,2,0,1.25,1,0.906,0.994
20,2x4,poisson,RNK,0.05,2,0,1.25,1,0.2904,0.9582
20,2x4,poisson,ART,0.05,2,0,1.25,1,0.9636,0.9986
20,2x4,poisson,INT,0.05,2,0,1.25,1,0.488,0.9816
20,2x4,poisson,PAR,0.01,2,0,1.25,1,0.768,0.9712
20,2x4,poisson,RNK,0.01,2,0,1.25,1,0.1116,0.8708
20,2x4,poisson,ART,0.01,2,0,1.25,1,0.9058,0.9938
20,2x4,poisson,INT,0.01,2,0,1.25,1,0.2584,0.9286
20,2x4,poisson,PAR,0.05,4,0,1.25,1,0.9862,0.9932
20,2x4,poisson,RNK,0.05,4,0,1.25,1,0.8498,0.9558
20,2x4,poisson,ART,0.05,4,0,1.25,1,1,1
20,2x4,poisson,INT,0.05,4,0,1.25,1,0.9452,0.9844
20,2x4,poisson,PAR,0.01,4,0,1.25,1,0.9486,0.9602
20,2x4,poisson,RNK,0.01,4,0,1.25,1,0.6744,0.8704
20,2x4,poisson,ART,0.01,4,0,1.25,1,0.9996,1
20,2x4,poisson,INT,0.01,4,0,1.25,1,0.8404,0.9372
20,2x4,poisson,PAR,0.05,8,0,1.25,1,0.9946,0.9948
20,2x4,poisson,RNK,0.05,8,0,1.25,1,0.9814,0.9836
20,2x4,poisson,ART,0.05,8,0,1.25,1,1,1
20,2x4,poisson,INT,0.05,8,0,1.25,1,0.9908,0.991
20,2x4,poisson,PAR,0.01,8,0,1.25,1,0.9652,0.966
20,2x4,poisson,RNK,0.01,8,0,1.25,1,0.934,0.937
20,2x4,poisson,ART,0.01,8,0,1.25,1,1,1
20,2x4,poisson,INT,0.01,8,0,1.25,1,0.9574,0.9588
20,2x4,likert,PAR,0.05,0,0.5,0,0.049,0.3986,0.0484
20,2x4,likert,RNK,0.05,0,0.5,0,0.0506,0.4032,0.0468
20,2x4,likert,ART,0.05,0,0.5,0,0.1036,0.391,0.0928
20,2x4,likert,INT,0.05,0,0.5,0,0.049,0.4114,0.048
20,2x4,likert,PAR,0.01,0,0.5,0,0.0102,0.1938,0.0102
20,2x4,likert,RNK,0.01,0,0.5,0,0.0098,0.2008,0.0104
20,2x4,likert,ART,0.01,0,0.5,0,0.0382,0.2008,0.0288
20,2x4,likert,INT,0.01,0,0.5,0,0.0094,0.2066,0.0104
20,2x4,likert,PAR,0.05,0.5,0.5,0,0.647,0.4004,0.0552
20,2x4,likert,RNK,0.05,0.5,0.5,0,0.6556,0.4092,0.0524
20,2x4,likert,ART,0.05,0.5,0.5,0,0.644,0.424,0.1104
20,2x4,likert,INT,0.05,0.5,0.5,0,0.661,0.419,0.0538
20,2x4,likert,PAR,0.01,0.5,0.5,0,0.3964,0.1922,0.0118
20,2x4,likert,RNK,0.01,0.5,0.5,0,0.4102,0.1968,0.0102
20,2x4,likert,ART,0.01,0.5,0.5,0,0.4348,0.2128,0.04
20,2x4,likert,INT,0.01,0.5,0.5,0,0.4128,0.2054,0.0106
20,2x4,likert,PAR,0.05,1,0.5,0,0.9898,0.3832,0.0542
20,2x4,likert,RNK,0.05,1,0.5,0,0.9908,0.3916,0.0482
20,2x4,likert,ART,0.05,1,0.5,0,0.9706,0.4608,0.1312
20,2x4,likert,INT,0.05,1,0.5,0,0.9924,0.4026,0.0512
20,2x4,likert,PAR,0.01,1,0.5,0,0.9494,0.1806,0.0136
20,2x4,likert,RNK,0.01,1,0.5,0,0.9546,0.1862,0.0106
20,2x4,likert,ART,0.01,1,0.5,0,0.9278,0.2418,0.0458
20,2x4,likert,INT,0.01,1,0.5,0,0.9588,0.189,0.0126
20,2x4,likert,PAR,0.05,2,0.5,0,0.9998,0.36,0.0816
20,2x4,likert,RNK,0.05,2,0.5,0,0.9998,0.3624,0.0684
20,2x4,likert,ART,0.05,2,0.5,0,0.9972,0.5276,0.2604
20,2x4,likert,INT,0.05,2,0.5,0,0.9998,0.3774,0.067
20,2x4,likert,PAR,0.01,2,0.5,0,0.9994,0.1634,0.025
20,2x4,likert,RNK,0.01,2,0.5,0,0.9998,0.1658,0.0172
20,2x4,likert,ART,0.01,2,0.5,0,0.995,0.3182,0.1348
20,2x4,likert,INT,0.01,2,0.5,0,0.9998,0.174,0.0196
20,2x4,likert,PAR,0.05,4,0.5,0,0.9994,0.2882,0.1014
20,2x4,likert,RNK,0.05,4,0.5,0,0.9996,0.288,0.0904
20,2x4,likert,ART,0.05,4,0.5,0,0.998,0.5536,0.4032
20,2x4,likert,INT,0.05,4,0.5,0,0.9996,0.2964,0.088
20,2x4,likert,PAR,0.01,4,0.5,0,0.996,0.1178,0.0318
20,2x4,likert,RNK,0.01,4,0.5,0,0.9978,0.1242,0.024
20,2x4,likert,ART,0.01,4,0.5,0,0.9954,0.363,0.2504
20,2x4,likert,INT,0.01,4,0.5,0,0.9976,0.121,0.0232
20,2x4,likert,PAR,0.05,8,0.5,0,0.9914,0.1868,0.113
20,2x4,likert,RNK,0.05,8,0.5,0,0.9922,0.1868,0.1316
20,2x4,likert,ART,0.05,8,0.5,0,0.9922,0.5002,0.516
20,2x4,likert,INT,0.05,8,0.5,0,0.9928,0.1857,0.1025
20,2x4,likert,PAR,0.01,8,0.5,0,0.9852,0.0738,0.0398
20,2x4,likert,RNK,0.01,8,0.5,0,0.9858,0.0718,0.038
20,2x4,likert,ART,0.01,8,0.5,0,0.9866,0.3058,0.3486
20,2x4,likert,INT,0.01,8,0.5,0,0.9866,0.0709,0.0364
20,2x4,likert,PAR,0.05,0,0,1.25,0.0534,0.0492,0.5754
20,2x4,likert,RNK,0.05,0,0,1.25,0.049,0.0502,0.5922
20,2x4,likert,ART,0.05,0,0,1.25,0.106,0.0716,0.6002
20,2x4,likert,INT,0.05,0,0,1.25,0.0526,0.0492,0.6024
20,2x4,likert,PAR,0.01,0,0,1.25,0.0112,0.0086,0.3392
20,2x4,likert,RNK,0.01,0,0,1.25,0.0112,0.0088,0.3542
20,2x4,likert,ART,0.01,0,0,1.25,0.0384,0.016,0.3736
20,2x4,likert,INT,0.01,0,0,1.25,0.0114,0.0098,0.3642
20,2x4,likert,PAR,0.05,0.5,0,1.25,0.6344,0.0532,0.573
20,2x4,likert,RNK,0.05,0.5,0,1.25,0.6444,0.053,0.5824
20,2x4,likert,ART,0.05,0.5,0,1.25,0.6324,0.0926,0.5902
20,2x4,likert,INT,0.05,0.5,0,1.25,0.6446,0.051,0.5888
20,2x4,likert,PAR,0.01,0.5,0,1.25,0.3804,0.0114,0.3332
20,2x4,likert,RNK,0.01,0.5,0,1.25,0.3954,0.0124,0.3348
20,2x4,likert,ART,0.01,0.5,0,1.25,0.4196,0.0258,0.3704
20,2x4,likert,INT,0.01,0.5,0,1.25,0.3954,0.012,0.346
20,2x4,likert,PAR,0.05,1,0,1.25,0.9854,0.066,0.551
20,2x4,likert,RNK,0.05,1,0,1.25,0.9896,0.0586,0.5592
20,2x4,likert,ART,0.05,1,0,1.25,0.9752,0.1414,0.6206
20,2x4,likert,INT,0.05,1,0,1.25,0.9878,0.0622,0.574
20,2x4,likert,PAR,0.01,1,0,1.25,0.952,0.0158,0.3138
20,2x4,likert,RNK,0.01,1,0,1.25,0.9588,0.0156,0.3242
20,2x4,likert,ART,0.01,1,0,1.25,0.9348,0.0548,0.4004
20,2x4,likert,INT,0.01,1,0,1.25,0.9578,0.0148,0.334
20,2x4,likert,PAR,0.05,2,0,1.25,1,0.0948,0.519
20,2x4,likert,RNK,0.05,2,0,1.25,1,0.0742,0.5298
20,2x4,likert,ART,0.05,2,0,1.25,0.9976,0.2616,0.6618
20,2x4,likert,INT,0.05,2,0,1.25,1,0.074,0.5458
20,2x4,likert,PAR,0.01,2,0,1.25,0.9988,0.0306,0.2852
20,2x4,likert,RNK,0.01,2,0,1.25,0.9992,0.0202,0.2896
20,2x4,likert,ART,0.01,2,0,1.25,0.9956,0.1384,0.4566
20,2x4,likert,INT,0.01,2,0,1.25,0.9992,0.0198,0.3028
20,2x4,likert,PAR,0.05,4,0,1.25,0.9984,0.1316,0.4368
20,2x4,likert,RNK,0.05,4,0,1.25,0.9988,0.111,0.4334
20,2x4,likert,ART,0.05,4,0,1.25,0.9962,0.3992,0.6866
20,2x4,likert,INT,0.05,4,0,1.25,0.9988,0.1068,0.447
20,2x4,likert,PAR,0.01,4,0,1.25,0.9968,0.0394,0.2148
20,2x4,likert,RNK,0.01,4,0,1.25,0.9978,0.0346,0.2222
20,2x4,likert,ART,0.01,4,0,1.25,0.9946,0.249,0.4988
20,2x4,likert,INT,0.01,4,0,1.25,0.9978,0.0362,0.2266
20,2x4,likert,PAR,0.05,8,0,1.25,0.993,0.1496,0.282
20,2x4,likert,RNK,0.05,8,0,1.25,0.9938,0.1434,0.2992
20,2x4,likert,ART,0.05,8,0,1.25,0.994,0.4514,0.6502
20,2x4,likert,INT,0.05,8,0,1.25,0.995,0.14,0.2776
20,2x4,likert,PAR,0.01,8,0,1.25,0.9858,0.0572,0.1256
20,2x4,likert,RNK,0.01,8,0,1.25,0.987,0.0534,0.1252
20,2x4,likert,ART,0.01,8,0,1.25,0.9898,0.2862,0.4732
20,2x4,likert,INT,0.01,8,0,1.25,0.9884,0.0521,0.126
